run_id,condition,seed,rl_step,step_wall_clock_seconds,includes_rollout,includes_evaluation,includes_checkpoint
pd8b-dense-lam100-lr01-s42-rl160,dense,42,41,11.956203,True,False,False
pd8b-dense-lam100-lr01-s42-rl160,dense,42,42,11.962615,True,False,False
pd8b-dense-lam100-lr01-s42-rl160,dense,42,43,11.9693,True,False,False
pd8b-dense-lam100-lr01-s42-rl160,dense,42,44,11.976121,True,False,False
pd8b-dense-lam100-lr01-s42-rl160,dense,42,45,11.98294,True,False,False
pd8b-dense-lam100-lr01-s42-rl160,dense,42,46,11.989618,True,False,False
pd8b-dense-lam100-lr01-s42-rl160,dense,42,47,11.996018,True,False,False
pd8b-dense-lam100-lr01-s42-rl160,dense,42,48,12.00201,True,False,False
pd8b-dense-lam100-lr01-s42-rl160,dense,42,49,12.007472,True,False,False
pd8b-dense-lam100-lr01-s42-rl160,dense,42,50,12.012293,True,False,False
pd8b-dense-lam100-lr01-s42-rl160,dense,42,51,12.016375,True,False,False
pd8b-dense-lam100-lr01-s42-rl160,dense,42,52,12.019634,True,False,False
pd8b-dense-lam100-lr01-s42-rl160,dense,42,53,12.022004,True,False,False
pd8b-dense-lam100-lr01-s42-rl160,dense,42,54,12.023437,True,False,False
pd8b-dense-lam100-lr01-s42-rl160,dense,42,55,12.023904,True,False,False
pd8b-dense-lam100-lr01-s42-rl160,dense,42,56,12.023394,True,False,False
pd8b-dense-lam100-lr01-s42-rl160,dense,42,57,12.021919,True,False,False
pd8b-dense-lam100-lr01-s42-rl160,dense,42,58,12.019508,True,False,False
pd8b-dense-lam100-lr01-s42-rl160,dense,42,59,12.016211,True,False,False
pd8b-dense-lam100-lr01-s42-rl160,dense,42,60,12.012095,True,False,False
pd8b-dense-lam100-lr01-s42-rl160,dense,42,61,12.007243,True,False,False
pd8b-dense-lam100-lr01-s42-rl160,dense,42,62,12.001755,True,False,False
pd8b-dense-lam100-lr01-s42-rl160,dense,42,63,11.995742,True,False,False
pd8b-dense-lam100-lr01-s42-rl160,dense,42,64,11.989327,True,False,False
pd8b-dense-lam100-lr01-s42-rl160,dense,42,65,11.98264,True,False,False
pd8b-dense-lam100-lr01-s42-rl160,dense,42,66,11.975818,True,False,False
pd8b-dense-lam100-lr01-s42-rl160,dense,42,67,11.969,True,False,False
pd8b-dense-lam100-lr01-s42-rl160,dense,42,68,11.962324,True,False,False
pd8b-dense-lam100-lr01-s42-rl160,dense,42,69,11.955927,True,False,False
pd8b-dense-lam100-lr01-s42-rl160,dense,42,70,11.949939,True,False,False
pd8b-dense-lam100-lr01-s42-rl160,dense,42,71,11.944482,True,False,False
pd8b-dense-lam100-lr01-s42-rl160,dense,42,72,11.939667,True,False,False
pd8b-dense-lam100-lr01-s42-rl160,dense,42,73,11.935592,True,False,False
pd8b-dense-lam100-lr01-s42-rl160,dense,42,74,11.932341,True,False,False
pd8b-dense-lam100-lr01-s42-rl160,dense,42,75,11.929979,True,False,False
pd8b-dense-lam100-lr01-s42-rl160,dense,42,76,11.928554,True,False,False
pd8b-dense-lam100-lr01-s42-rl160,dense,42,77,11.928096,True,False,False
pd8b-dense-lam100-lr01-s42-rl160,dense,42,78,11.928615,True,False,False
pd8b-dense-lam100-lr01-s42-rl160,dense,42,79,11.930098,True,False,False
pd8b-dense-lam100-lr01-s42-rl160,dense,42,80,11.932517,True,False,False
pd8b-dense-lam100-lr01-s42-rl160,dense,42,81,11.935822,True,False,False
pd8b-dense-lam100-lr01-s42-rl160,dense,42,82,11.939945,True,False,False
pd8b-dense-lam100-lr01-s42-rl160,dense,42,83,11.944803,True,False,False
pd8b-dense-lam100-lr01-s42-rl160,dense,42,84,11.950296,True,False,False
pd8b-dense-lam100-lr01-s42-rl160,dense,42,85,11.956313,True,False,False
pd8b-dense-lam100-lr01-s42-rl160,dense,42,86,11.962731,True,False,False
pd8b-dense-lam100-lr01-s42-rl160,dense,42,87,11.96942,True,False,False
pd8b-dense-lam100-lr01-s42-rl160,dense,42,88,11.976242,True,False,False
pd8b-dense-lam100-lr01-s42-rl160,dense,42,89,11.98306,True,False,False
pd8b-dense-lam100-lr01-s42-rl160,dense,42,90,11.989734,True,False,False
pd8b-dense-lam100-lr01-s42-rl160,dense,42,91,11.996128,True,False,False
pd8b-dense-lam100-lr01-s42-rl160,dense,42,92,12.002112,True,False,False
pd8b-dense-lam100-lr01-s42-rl160,dense,42,93,12.007564,True,False,False
pd8b-dense-lam100-lr01-s42-rl160,dense,42,94,12.012372,True,False,False
pd8b-dense-lam100-lr01-s42-rl160,dense,42,95,12.01644,True,False,False
pd8b-dense-lam100-lr01-s42-rl160,dense,42,96,12.019684,True,False,False
pd8b-dense-lam100-lr01-s42-rl160,dense,42,97,12.022038,True,False,False
pd8b-dense-lam100-lr01-s42-rl160,dense,42,98,12.023454,True,False,False
pd8b-dense-lam100-lr01-s42-rl160,dense,42,99,12.023903,True,False,False
pd8b-dense-lam100-lr01-s42-rl160,dense,42,100,12.023376,True,False,False
pd8b-dense-lam100-lr01-s42-rl160,dense,42,101,12.021884,True,False,False
pd8b-dense-lam100-lr01-s42-rl160,dense,42,102,12.019458,True,False,False
pd8b-dense-lam100-lr01-s42-rl160,dense,42,103,12.016145,True,False,False
pd8b-dense-lam100-lr01-s42-rl160,dense,42,104,12.012015,True,False,False
pd8b-dense-lam100-lr01-s42-rl160,dense,42,105,12.007151,True,False,False
pd8b-dense-lam100-lr01-s42-rl160,dense,42,106,12.001653,True,False,False
pd8b-dense-lam100-lr01-s42-rl160,dense,42,107,11.995632,True,False,False
pd8b-dense-lam100-lr01-s42-rl160,dense,42,108,11.989211,True,False,False
pd8b-dense-lam100-lr01-s42-rl160,dense,42,109,11.98252,True,False,False
pd8b-dense-lam100-lr01-s42-rl160,dense,42,110,11.975697,True,False,False
pd8b-dense-lam100-lr01-s42-rl160,dense,42,111,11.96888,True,False,False
pd8b-dense-lam100-lr01-s42-rl160,dense,42,112,11.962208,True,False,False
pd8b-dense-lam100-lr01-s42-rl160,dense,42,113,11.955817,True,False,False
pd8b-dense-lam100-lr01-s42-rl160,dense,42,114,11.949838,True,False,False
pd8b-dense-lam100-lr01-s42-rl160,dense,42,115,11.944391,True,False,False
pd8b-dense-lam100-lr01-s42-rl160,dense,42,116,11.939588,True,False,False
pd8b-dense-lam100-lr01-s42-rl160,dense,42,117,11.935527,True,False,False
pd8b-dense-lam100-lr01-s42-rl160,dense,42,118,11.932291,True,False,False
pd8b-dense-lam100-lr01-s42-rl160,dense,42,119,11.929945,True,False,False
pd8b-dense-lam100-lr01-s42-rl160,dense,42,120,11.928538,True,False,False
pd8b-dense-lam100-lr01-s43-rl160,dense,43,41,11.980163,True,False,False
pd8b-dense-lam100-lr01-s43-rl160,dense,43,42,11.986588,True,False,False
pd8b-dense-lam100-lr01-s43-rl160,dense,43,43,11.993286,True,False,False
pd8b-dense-lam100-lr01-s43-rl160,dense,43,44,12.000121,True,False,False
pd8b-dense-lam100-lr01-s43-rl160,dense,43,45,12.006954,True,False,False
pd8b-dense-lam100-lr01-s43-rl160,dense,43,46,12.013645,True,False,False
pd8b-dense-lam100-lr01-s43-rl160,dense,43,47,12.020058,True,False,False
pd8b-dense-lam100-lr01-s43-rl160,dense,43,48,12.026062,True,False,False
pd8b-dense-lam100-lr01-s43-rl160,dense,43,49,12.031535,True,False,False
pd8b-dense-lam100-lr01-s43-rl160,dense,43,50,12.036366,True,False,False
pd8b-dense-lam100-lr01-s43-rl160,dense,43,51,12.040456,True,False,False
pd8b-dense-lam100-lr01-s43-rl160,dense,43,52,12.043722,True,False,False
pd8b-dense-lam100-lr01-s43-rl160,dense,43,53,12.046097,True,False,False
pd8b-dense-lam100-lr01-s43-rl160,dense,43,54,12.047532,True,False,False
pd8b-dense-lam100-lr01-s43-rl160,dense,43,55,12.048,True,False,False
pd8b-dense-lam100-lr01-s43-rl160,dense,43,56,12.047489,True,False,False
pd8b-dense-lam100-lr01-s43-rl160,dense,43,57,12.046011,True,False,False
pd8b-dense-lam100-lr01-s43-rl160,dense,43,58,12.043596,True,False,False
pd8b-dense-lam100-lr01-s43-rl160,dense,43,59,12.040292,True,False,False
pd8b-dense-lam100-lr01-s43-rl160,dense,43,60,12.036167,True,False,False
pd8b-dense-lam100-lr01-s43-rl160,dense,43,61,12.031306,True,False,False
pd8b-dense-lam100-lr01-s43-rl160,dense,43,62,12.025807,True,False,False
pd8b-dense-lam100-lr01-s43-rl160,dense,43,63,12.019782,True,False,False
pd8b-dense-lam100-lr01-s43-rl160,dense,43,64,12.013354,True,False,False
pd8b-dense-lam100-lr01-s43-rl160,dense,43,65,12.006654,True,False,False
pd8b-dense-lam100-lr01-s43-rl160,dense,43,66,11.999818,True,False,False
pd8b-dense-lam100-lr01-s43-rl160,dense,43,67,11.992986,True,False,False
pd8b-dense-lam100-lr01-s43-rl160,dense,43,68,11.986297,True,False,False
pd8b-dense-lam100-lr01-s43-rl160,dense,43,69,11.979887,True,False,False
pd8b-dense-lam100-lr01-s43-rl160,dense,43,70,11.973887,True,False,False
pd8b-dense-lam100-lr01-s43-rl160,dense,43,71,11.968419,True,False,False
pd8b-dense-lam100-lr01-s43-rl160,dense,43,72,11.963594,True,False,False
pd8b-dense-lam100-lr01-s43-rl160,dense,43,73,11.959511,True,False,False
pd8b-dense-lam100-lr01-s43-rl160,dense,43,74,11.956253,True,False,False
pd8b-dense-lam100-lr01-s43-rl160,dense,43,75,11.953886,True,False,False
pd8b-dense-lam100-lr01-s43-rl160,dense,43,76,11.952459,True,False,False
pd8b-dense-lam100-lr01-s43-rl160,dense,43,77,11.952,True,False,False
pd8b-dense-lam100-lr01-s43-rl160,dense,43,78,11.95252,True,False,False
pd8b-dense-lam100-lr01-s43-rl160,dense,43,79,11.954006,True,False,False
pd8b-dense-lam100-lr01-s43-rl160,dense,43,80,11.95643,True,False,False
pd8b-dense-lam100-lr01-s43-rl160,dense,43,81,11.959741,True,False,False
pd8b-dense-lam100-lr01-s43-rl160,dense,43,82,11.963873,True,False,False
pd8b-dense-lam100-lr01-s43-rl160,dense,43,83,11.96874,True,False,False
pd8b-dense-lam100-lr01-s43-rl160,dense,43,84,11.974244,True,False,False
pd8b-dense-lam100-lr01-s43-rl160,dense,43,85,11.980274,True,False,False
pd8b-dense-lam100-lr01-s43-rl160,dense,43,86,11.986705,True,False,False
pd8b-dense-lam100-lr01-s43-rl160,dense,43,87,11.993407,True,False,False
pd8b-dense-lam100-lr01-s43-rl160,dense,43,88,12.000243,True,False,False
pd8b-dense-lam100-lr01-s43-rl160,dense,43,89,12.007074,True,False,False
pd8b-dense-lam100-lr01-s43-rl160,dense,43,90,12.013761,True,False,False
pd8b-dense-lam100-lr01-s43-rl160,dense,43,91,12.020168,True,False,False
pd8b-dense-lam100-lr01-s43-rl160,dense,43,92,12.026164,True,False,False
pd8b-dense-lam100-lr01-s43-rl160,dense,43,93,12.031627,True,False,False
pd8b-dense-lam100-lr01-s43-rl160,dense,43,94,12.036445,True,False,False
pd8b-dense-lam100-lr01-s43-rl160,dense,43,95,12.040521,True,False,False
pd8b-dense-lam100-lr01-s43-rl160,dense,43,96,12.043772,True,False,False
pd8b-dense-lam100-lr01-s43-rl160,dense,43,97,12.04613,True,False,False
pd8b-dense-lam100-lr01-s43-rl160,dense,43,98,12.047549,True,False,False
pd8b-dense-lam100-lr01-s43-rl160,dense,43,99,12.047999,True,False,False
pd8b-dense-lam100-lr01-s43-rl160,dense,43,100,12.047471,True,False,False
pd8b-dense-lam100-lr01-s43-rl160,dense,43,101,12.045976,True,False,False
pd8b-dense-lam100-lr01-s43-rl160,dense,43,102,12.043545,True,False,False
pd8b-dense-lam100-lr01-s43-rl160,dense,43,103,12.040226,True,False,False
pd8b-dense-lam100-lr01-s43-rl160,dense,43,104,12.036087,True,False,False
pd8b-dense-lam100-lr01-s43-rl160,dense,43,105,12.031214,True,False,False
pd8b-dense-lam100-lr01-s43-rl160,dense,43,106,12.025704,True,False,False
pd8b-dense-lam100-lr01-s43-rl160,dense,43,107,12.019671,True,False,False
pd8b-dense-lam100-lr01-s43-rl160,dense,43,108,12.013237,True,False,False
pd8b-dense-lam100-lr01-s43-rl160,dense,43,109,12.006533,True,False,False
pd8b-dense-lam100-lr01-s43-rl160,dense,43,110,11.999697,True,False,False
pd8b-dense-lam100-lr01-s43-rl160,dense,43,111,11.992866,True,False,False
pd8b-dense-lam100-lr01-s43-rl160,dense,43,112,11.986181,True,False,False
pd8b-dense-lam100-lr01-s43-rl160,dense,43,113,11.979777,True,False,False
pd8b-dense-lam100-lr01-s43-rl160,dense,43,114,11.973785,True,False,False
pd8b-dense-lam100-lr01-s43-rl160,dense,43,115,11.968328,True,False,False
pd8b-dense-lam100-lr01-s43-rl160,dense,43,116,11.963515,True,False,False
pd8b-dense-lam100-lr01-s43-rl160,dense,43,117,11.959446,True,False,False
pd8b-dense-lam100-lr01-s43-rl160,dense,43,118,11.956203,True,False,False
pd8b-dense-lam100-lr01-s43-rl160,dense,43,119,11.953853,True,False,False
pd8b-dense-lam100-lr01-s43-rl160,dense,43,120,11.952443,True,False,False
pd8b-dense-lam100-lr01-s44-rl160,dense,44,41,12.004123,True,False,False
pd8b-dense-lam100-lr01-s44-rl160,dense,44,42,12.010561,True,False,False
pd8b-dense-lam100-lr01-s44-rl160,dense,44,43,12.017273,True,False,False
pd8b-dense-lam100-lr01-s44-rl160,dense,44,44,12.024122,True,False,False
pd8b-dense-lam100-lr01-s44-rl160,dense,44,45,12.030968,True,False,False
pd8b-dense-lam100-lr01-s44-rl160,dense,44,46,12.037672,True,False,False
pd8b-dense-lam100-lr01-s44-rl160,dense,44,47,12.044098,True,False,False
pd8b-dense-lam100-lr01-s44-rl160,dense,44,48,12.050114,True,False,False
pd8b-dense-lam100-lr01-s44-rl160,dense,44,49,12.055598,True,False,False
pd8b-dense-lam100-lr01-s44-rl160,dense,44,50,12.060439,True,False,False
pd8b-dense-lam100-lr01-s44-rl160,dense,44,51,12.064537,True,False,False
pd8b-dense-lam100-lr01-s44-rl160,dense,44,52,12.067809,True,False,False
pd8b-dense-lam100-lr01-s44-rl160,dense,44,53,12.070189,True,False,False
pd8b-dense-lam100-lr01-s44-rl160,dense,44,54,12.071627,True,False,False
pd8b-dense-lam100-lr01-s44-rl160,dense,44,55,12.072096,True,False,False
pd8b-dense-lam100-lr01-s44-rl160,dense,44,56,12.071584,True,False,False
pd8b-dense-lam100-lr01-s44-rl160,dense,44,57,12.070103,True,False,False
pd8b-dense-lam100-lr01-s44-rl160,dense,44,58,12.067683,True,False,False
pd8b-dense-lam100-lr01-s44-rl160,dense,44,59,12.064373,True,False,False
pd8b-dense-lam100-lr01-s44-rl160,dense,44,60,12.06024,True,False,False
pd8b-dense-lam100-lr01-s44-rl160,dense,44,61,12.055369,True,False,False
pd8b-dense-lam100-lr01-s44-rl160,dense,44,62,12.049858,True,False,False
pd8b-dense-lam100-lr01-s44-rl160,dense,44,63,12.043821,True,False,False
pd8b-dense-lam100-lr01-s44-rl160,dense,44,64,12.03738,True,False,False
pd8b-dense-lam100-lr01-s44-rl160,dense,44,65,12.030667,True,False,False
pd8b-dense-lam100-lr01-s44-rl160,dense,44,66,12.023818,True,False,False
pd8b-dense-lam100-lr01-s44-rl160,dense,44,67,12.016972,True,False,False
pd8b-dense-lam100-lr01-s44-rl160,dense,44,68,12.01027,True,False,False
pd8b-dense-lam100-lr01-s44-rl160,dense,44,69,12.003847,True,False,False
pd8b-dense-lam100-lr01-s44-rl160,dense,44,70,11.997835,True,False,False
pd8b-dense-lam100-lr01-s44-rl160,dense,44,71,11.992356,True,False,False
pd8b-dense-lam100-lr01-s44-rl160,dense,44,72,11.987521,True,False,False
pd8b-dense-lam100-lr01-s44-rl160,dense,44,73,11.98343,True,False,False
pd8b-dense-lam100-lr01-s44-rl160,dense,44,74,11.980166,True,False,False
pd8b-dense-lam100-lr01-s44-rl160,dense,44,75,11.977794,True,False,False
pd8b-dense-lam100-lr01-s44-rl160,dense,44,76,11.976364,True,False,False
pd8b-dense-lam100-lr01-s44-rl160,dense,44,77,11.975904,True,False,False
pd8b-dense-lam100-lr01-s44-rl160,dense,44,78,11.976425,True,False,False
pd8b-dense-lam100-lr01-s44-rl160,dense,44,79,11.977914,True,False,False
pd8b-dense-lam100-lr01-s44-rl160,dense,44,80,11.980343,True,False,False
pd8b-dense-lam100-lr01-s44-rl160,dense,44,81,11.983661,True,False,False
pd8b-dense-lam100-lr01-s44-rl160,dense,44,82,11.9878,True,False,False
pd8b-dense-lam100-lr01-s44-rl160,dense,44,83,11.992678,True,False,False
pd8b-dense-lam100-lr01-s44-rl160,dense,44,84,11.998193,True,False,False
pd8b-dense-lam100-lr01-s44-rl160,dense,44,85,12.004234,True,False,False
pd8b-dense-lam100-lr01-s44-rl160,dense,44,86,12.010678,True,False,False
pd8b-dense-lam100-lr01-s44-rl160,dense,44,87,12.017393,True,False,False
pd8b-dense-lam100-lr01-s44-rl160,dense,44,88,12.024243,True,False,False
pd8b-dense-lam100-lr01-s44-rl160,dense,44,89,12.031088,True,False,False
pd8b-dense-lam100-lr01-s44-rl160,dense,44,90,12.037789,True,False,False
pd8b-dense-lam100-lr01-s44-rl160,dense,44,91,12.044208,True,False,False
pd8b-dense-lam100-lr01-s44-rl160,dense,44,92,12.050216,True,False,False
pd8b-dense-lam100-lr01-s44-rl160,dense,44,93,12.05569,True,False,False
pd8b-dense-lam100-lr01-s44-rl160,dense,44,94,12.060518,True,False,False
pd8b-dense-lam100-lr01-s44-rl160,dense,44,95,12.064602,True,False,False
pd8b-dense-lam100-lr01-s44-rl160,dense,44,96,12.067859,True,False,False
pd8b-dense-lam100-lr01-s44-rl160,dense,44,97,12.070223,True,False,False
pd8b-dense-lam100-lr01-s44-rl160,dense,44,98,12.071644,True,False,False
pd8b-dense-lam100-lr01-s44-rl160,dense,44,99,12.072095,True,False,False
pd8b-dense-lam100-lr01-s44-rl160,dense,44,100,12.071566,True,False,False
pd8b-dense-lam100-lr01-s44-rl160,dense,44,101,12.070068,True,False,False
pd8b-dense-lam100-lr01-s44-rl160,dense,44,102,12.067632,True,False,False
pd8b-dense-lam100-lr01-s44-rl160,dense,44,103,12.064306,True,False,False
pd8b-dense-lam100-lr01-s44-rl160,dense,44,104,12.06016,True,False,False
pd8b-dense-lam100-lr01-s44-rl160,dense,44,105,12.055276,True,False,False
pd8b-dense-lam100-lr01-s44-rl160,dense,44,106,12.049756,True,False,False
pd8b-dense-lam100-lr01-s44-rl160,dense,44,107,12.04371,True,False,False
pd8b-dense-lam100-lr01-s44-rl160,dense,44,108,12.037263,True,False,False
pd8b-dense-lam100-lr01-s44-rl160,dense,44,109,12.030546,True,False,False
pd8b-dense-lam100-lr01-s44-rl160,dense,44,110,12.023696,True,False,False
pd8b-dense-lam100-lr01-s44-rl160,dense,44,111,12.016852,True,False,False
pd8b-dense-lam100-lr01-s44-rl160,dense,44,112,12.010153,True,False,False
pd8b-dense-lam100-lr01-s44-rl160,dense,44,113,12.003736,True,False,False
pd8b-dense-lam100-lr01-s44-rl160,dense,44,114,11.997733,True,False,False
pd8b-dense-lam100-lr01-s44-rl160,dense,44,115,11.992264,True,False,False
pd8b-dense-lam100-lr01-s44-rl160,dense,44,116,11.987442,True,False,False
pd8b-dense-lam100-lr01-s44-rl160,dense,44,117,11.983365,True,False,False
pd8b-dense-lam100-lr01-s44-rl160,dense,44,118,11.980116,True,False,False
pd8b-dense-lam100-lr01-s44-rl160,dense,44,119,11.977761,True,False,False
pd8b-dense-lam100-lr01-s44-rl160,dense,44,120,11.976347,True,False,False
pd8b-top040-lam010-lr20-s42-rl160,recipe,42,41,13.151823,True,False,False
pd8b-top040-lam010-lr20-s42-rl160,recipe,42,42,13.158876,True,False,False
pd8b-top040-lam010-lr20-s42-rl160,recipe,42,43,13.16623,True,False,False
pd8b-top040-lam010-lr20-s42-rl160,recipe,42,44,13.173733,True,False,False
pd8b-top040-lam010-lr20-s42-rl160,recipe,42,45,13.181234,True,False,False
pd8b-top040-lam010-lr20-s42-rl160,recipe,42,46,13.188579,True,False,False
pd8b-top040-lam010-lr20-s42-rl160,recipe,42,47,13.195619,True,False,False
pd8b-top040-lam010-lr20-s42-rl160,recipe,42,48,13.202211,True,False,False
pd8b-top040-lam010-lr20-s42-rl160,recipe,42,49,13.20822,True,False,False
pd8b-top040-lam010-lr20-s42-rl160,recipe,42,50,13.213523,True,False,False
pd8b-top040-lam010-lr20-s42-rl160,recipe,42,51,13.218013,True,False,False
pd8b-top040-lam010-lr20-s42-rl160,recipe,42,52,13.221598,True,False,False
pd8b-top040-lam010-lr20-s42-rl160,recipe,42,53,13.224205,True,False,False
pd8b-top040-lam010-lr20-s42-rl160,recipe,42,54,13.225781,True,False,False
pd8b-top040-lam010-lr20-s42-rl160,recipe,42,55,13.226294,True,False,False
pd8b-top040-lam010-lr20-s42-rl160,recipe,42,56,13.225734,True,False,False
pd8b-top040-lam010-lr20-s42-rl160,recipe,42,57,13.224111,True,False,False
pd8b-top040-lam010-lr20-s42-rl160,recipe,42,58,13.221459,True,False,False
pd8b-top040-lam010-lr20-s42-rl160,recipe,42,59,13.217832,True,False,False
pd8b-top040-lam010-lr20-s42-rl160,recipe,42,60,13.213305,True,False,False
pd8b-top040-lam010-lr20-s42-rl160,recipe,42,61,13.207968,True,False,False
pd8b-top040-lam010-lr20-s42-rl160,recipe,42,62,13.201931,True,False,False
pd8b-top040-lam010-lr20-s42-rl160,recipe,42,63,13.195316,True,False,False
pd8b-top040-lam010-lr20-s42-rl160,recipe,42,64,13.18826,True,False,False
pd8b-top040-lam010-lr20-s42-rl160,recipe,42,65,13.180904,True,False,False
pd8b-top040-lam010-lr20-s42-rl160,recipe,42,66,13.1734,True,False,False
pd8b-top040-lam010-lr20-s42-rl160,recipe,42,67,13.1659,True,False,False
pd8b-top040-lam010-lr20-s42-rl160,recipe,42,68,13.158557,True,False,False
pd8b-top040-lam010-lr20-s42-rl160,recipe,42,69,13.15152,True,False,False
pd8b-top040-lam010-lr20-s42-rl160,recipe,42,70,13.144933,True,False,False
pd8b-top040-lam010-lr20-s42-rl160,recipe,42,71,13.13893,True,False,False
pd8b-top040-lam010-lr20-s42-rl160,recipe,42,72,13.133634,True,False,False
pd8b-top040-lam010-lr20-s42-rl160,recipe,42,73,13.129152,True,False,False
pd8b-top040-lam010-lr20-s42-rl160,recipe,42,74,13.125575,True,False,False
pd8b-top040-lam010-lr20-s42-rl160,recipe,42,75,13.122977,True,False,False
pd8b-top040-lam010-lr20-s42-rl160,recipe,42,76,13.12141,True,False,False
pd8b-top040-lam010-lr20-s42-rl160,recipe,42,77,13.120906,True,False,False
pd8b-top040-lam010-lr20-s42-rl160,recipe,42,78,13.121476,True,False,False
pd8b-top040-lam010-lr20-s42-rl160,recipe,42,79,13.123108,True,False,False
pd8b-top040-lam010-lr20-s42-rl160,recipe,42,80,13.125769,True,False,False
pd8b-top040-lam010-lr20-s42-rl160,recipe,42,81,13.129404,True,False,False
pd8b-top040-lam010-lr20-s42-rl160,recipe,42,82,13.133939,True,False,False
pd8b-top040-lam010-lr20-s42-rl160,recipe,42,83,13.139283,True,False,False
pd8b-top040-lam010-lr20-s42-rl160,recipe,42,84,13.145326,True,False,False
pd8b-top040-lam010-lr20-s42-rl160,recipe,42,85,13.151944,True,False,False
pd8b-top040-lam010-lr20-s42-rl160,recipe,42,86,13.159004,True,False,False
pd8b-top040-lam010-lr20-s42-rl160,recipe,42,87,13.166362,True,False,False
pd8b-top040-lam010-lr20-s42-rl160,recipe,42,88,13.173867,True,False,False
pd8b-top040-lam010-lr20-s42-rl160,recipe,42,89,13.181366,True,False,False
pd8b-top040-lam010-lr20-s42-rl160,recipe,42,90,13.188707,True,False,False
pd8b-top040-lam010-lr20-s42-rl160,recipe,42,91,13.19574,True,False,False
pd8b-top040-lam010-lr20-s42-rl160,recipe,42,92,13.202323,True,False,False
pd8b-top040-lam010-lr20-s42-rl160,recipe,42,93,13.20832,True,False,False
pd8b-top040-lam010-lr20-s42-rl160,recipe,42,94,13.21361,True,False,False
pd8b-top040-lam010-lr20-s42-rl160,recipe,42,95,13.218084,True,False,False
pd8b-top040-lam010-lr20-s42-rl160,recipe,42,96,13.221653,True,False,False
pd8b-top040-lam010-lr20-s42-rl160,recipe,42,97,13.224242,True,False,False
pd8b-top040-lam010-lr20-s42-rl160,recipe,42,98,13.225799,True,False,False
pd8b-top040-lam010-lr20-s42-rl160,recipe,42,99,13.226294,True,False,False
pd8b-top040-lam010-lr20-s42-rl160,recipe,42,100,13.225714,True,False,False
pd8b-top040-lam010-lr20-s42-rl160,recipe,42,101,13.224073,True,False,False
pd8b-top040-lam010-lr20-s42-rl160,recipe,42,102,13.221403,True,False,False
pd8b-top040-lam010-lr20-s42-rl160,recipe,42,103,13.21776,True,False,False
pd8b-top040-lam010-lr20-s42-rl160,recipe,42,104,13.213217,True,False,False
pd8b-top040-lam010-lr20-s42-rl160,recipe,42,105,13.207867,True,False,False
pd8b-top040-lam010-lr20-s42-rl160,recipe,42,106,13.201818,True,False,False
pd8b-top040-lam010-lr20-s42-rl160,recipe,42,107,13.195195,True,False,False
pd8b-top040-lam010-lr20-s42-rl160,recipe,42,108,13.188132,True,False,False
pd8b-top040-lam010-lr20-s42-rl160,recipe,42,109,13.180772,True,False,False
pd8b-top040-lam010-lr20-s42-rl160,recipe,42,110,13.173267,True,False,False
pd8b-top040-lam010-lr20-s42-rl160,recipe,42,111,13.165768,True,False,False
pd8b-top040-lam010-lr20-s42-rl160,recipe,42,112,13.158429,True,False,False
pd8b-top040-lam010-lr20-s42-rl160,recipe,42,113,13.151399,True,False,False
pd8b-top040-lam010-lr20-s42-rl160,recipe,42,114,13.144821,True,False,False
pd8b-top040-lam010-lr20-s42-rl160,recipe,42,115,13.13883,True,False,False
pd8b-top040-lam010-lr20-s42-rl160,recipe,42,116,13.133547,True,False,False
pd8b-top040-lam010-lr20-s42-rl160,recipe,42,117,13.12908,True,False,False
pd8b-top040-lam010-lr20-s42-rl160,recipe,42,118,13.12552,True,False,False
pd8b-top040-lam010-lr20-s42-rl160,recipe,42,119,13.12294,True,False,False
pd8b-top040-lam010-lr20-s42-rl160,recipe,42,120,13.121391,True,False,False
pd8b-top040-lam010-lr20-s43-rl160,recipe,43,41,13.178179,True,False,False
pd8b-top040-lam010-lr20-s43-rl160,recipe,43,42,13.185247,True,False,False
pd8b-top040-lam010-lr20-s43-rl160,recipe,43,43,13.192615,True,False,False
pd8b-top040-lam010-lr20-s43-rl160,recipe,43,44,13.200134,True,False,False
pd8b-top040-lam010-lr20-s43-rl160,recipe,43,45,13.207649,True,False,False
pd8b-top040-lam010-lr20-s43-rl160,recipe,43,46,13.215009,True,False,False
pd8b-top040-lam010-lr20-s43-rl160,recipe,43,47,13.222064,True,False,False
pd8b-top040-lam010-lr20-s43-rl160,recipe,43,48,13.228668,True,False,False
pd8b-top040-lam010-lr20-s43-rl160,recipe,43,49,13.234689,True,False,False
pd8b-top040-lam010-lr20-s43-rl160,recipe,43,50,13.240003,True,False,False
pd8b-top040-lam010-lr20-s43-rl160,recipe,43,51,13.244502,True,False,False
pd8b-top040-lam010-lr20-s43-rl160,recipe,43,52,13.248094,True,False,False
pd8b-top040-lam010-lr20-s43-rl160,recipe,43,53,13.250706,True,False,False
pd8b-top040-lam010-lr20-s43-rl160,recipe,43,54,13.252286,True,False,False
pd8b-top040-lam010-lr20-s43-rl160,recipe,43,55,13.2528,True,False,False
pd8b-top040-lam010-lr20-s43-rl160,recipe,43,56,13.252238,True,False,False
pd8b-top040-lam010-lr20-s43-rl160,recipe,43,57,13.250612,True,False,False
pd8b-top040-lam010-lr20-s43-rl160,recipe,43,58,13.247955,True,False,False
pd8b-top040-lam010-lr20-s43-rl160,recipe,43,59,13.244321,True,False,False
pd8b-top040-lam010-lr20-s43-rl160,recipe,43,60,13.239784,True,False,False
pd8b-top040-lam010-lr20-s43-rl160,recipe,43,61,13.234437,True,False,False
pd8b-top040-lam010-lr20-s43-rl160,recipe,43,62,13.228387,True,False,False
pd8b-top040-lam010-lr20-s43-rl160,recipe,43,63,13.22176,True,False,False
pd8b-top040-lam010-lr20-s43-rl160,recipe,43,64,13.214689,True,False,False
pd8b-top040-lam010-lr20-s43-rl160,recipe,43,65,13.207319,True,False,False
pd8b-top040-lam010-lr20-s43-rl160,recipe,43,66,13.1998,True,False,False
pd8b-top040-lam010-lr20-s43-rl160,recipe,43,67,13.192285,True,False,False
pd8b-top040-lam010-lr20-s43-rl160,recipe,43,68,13.184927,True,False,False
pd8b-top040-lam010-lr20-s43-rl160,recipe,43,69,13.177876,True,False,False
pd8b-top040-lam010-lr20-s43-rl160,recipe,43,70,13.171276,True,False,False
pd8b-top040-lam010-lr20-s43-rl160,recipe,43,71,13.165261,True,False,False
pd8b-top040-lam010-lr20-s43-rl160,recipe,43,72,13.159954,True,False,False
pd8b-top040-lam010-lr20-s43-rl160,recipe,43,73,13.155462,True,False,False
pd8b-top040-lam010-lr20-s43-rl160,recipe,43,74,13.151879,True,False,False
pd8b-top040-lam010-lr20-s43-rl160,recipe,43,75,13.149275,True,False,False
pd8b-top040-lam010-lr20-s43-rl160,recipe,43,76,13.147705,True,False,False
pd8b-top040-lam010-lr20-s43-rl160,recipe,43,77,13.147201,True,False,False
pd8b-top040-lam010-lr20-s43-rl160,recipe,43,78,13.147772,True,False,False
pd8b-top040-lam010-lr20-s43-rl160,recipe,43,79,13.149407,True,False,False
pd8b-top040-lam010-lr20-s43-rl160,recipe,43,80,13.152073,True,False,False
pd8b-top040-lam010-lr20-s43-rl160,recipe,43,81,13.155715,True,False,False
pd8b-top040-lam010-lr20-s43-rl160,recipe,43,82,13.16026,True,False,False
pd8b-top040-lam010-lr20-s43-rl160,recipe,43,83,13.165614,True,False,False
pd8b-top040-lam010-lr20-s43-rl160,recipe,43,84,13.171669,True,False,False
pd8b-top040-lam010-lr20-s43-rl160,recipe,43,85,13.178301,True,False,False
pd8b-top040-lam010-lr20-s43-rl160,recipe,43,86,13.185375,True,False,False
pd8b-top040-lam010-lr20-s43-rl160,recipe,43,87,13.192747,True,False,False
pd8b-top040-lam010-lr20-s43-rl160,recipe,43,88,13.200267,True,False,False
pd8b-top040-lam010-lr20-s43-rl160,recipe,43,89,13.207781,True,False,False
pd8b-top040-lam010-lr20-s43-rl160,recipe,43,90,13.215137,True,False,False
pd8b-top040-lam010-lr20-s43-rl160,recipe,43,91,13.222185,True,False,False
pd8b-top040-lam010-lr20-s43-rl160,recipe,43,92,13.22878,True,False,False
pd8b-top040-lam010-lr20-s43-rl160,recipe,43,93,13.234789,True,False,False
pd8b-top040-lam010-lr20-s43-rl160,recipe,43,94,13.24009,True,False,False
pd8b-top040-lam010-lr20-s43-rl160,recipe,43,95,13.244573,True,False,False
pd8b-top040-lam010-lr20-s43-rl160,recipe,43,96,13.248149,True,False,False
pd8b-top040-lam010-lr20-s43-rl160,recipe,43,97,13.250743,True,False,False
pd8b-top040-lam010-lr20-s43-rl160,recipe,43,98,13.252304,True,False,False
pd8b-top040-lam010-lr20-s43-rl160,recipe,43,99,13.252799,True,False,False
pd8b-top040-lam010-lr20-s43-rl160,recipe,43,100,13.252219,True,False,False
pd8b-top040-lam010-lr20-s43-rl160,recipe,43,101,13.250574,True,False,False
pd8b-top040-lam010-lr20-s43-rl160,recipe,43,102,13.247899,True,False,False
pd8b-top040-lam010-lr20-s43-rl160,recipe,43,103,13.244248,True,False,False
pd8b-top040-lam010-lr20-s43-rl160,recipe,43,104,13.239696,True,False,False
pd8b-top040-lam010-lr20-s43-rl160,recipe,43,105,13.234335,True,False,False
pd8b-top040-lam010-lr20-s43-rl160,recipe,43,106,13.228275,True,False,False
pd8b-top040-lam010-lr20-s43-rl160,recipe,43,107,13.221638,True,False,False
pd8b-top040-lam010-lr20-s43-rl160,recipe,43,108,13.214561,True,False,False
pd8b-top040-lam010-lr20-s43-rl160,recipe,43,109,13.207187,True,False,False
pd8b-top040-lam010-lr20-s43-rl160,recipe,43,110,13.199666,True,False,False
pd8b-top040-lam010-lr20-s43-rl160,recipe,43,111,13.192153,True,False,False
pd8b-top040-lam010-lr20-s43-rl160,recipe,43,112,13.184799,True,False,False
pd8b-top040-lam010-lr20-s43-rl160,recipe,43,113,13.177755,True,False,False
pd8b-top040-lam010-lr20-s43-rl160,recipe,43,114,13.171164,True,False,False
pd8b-top040-lam010-lr20-s43-rl160,recipe,43,115,13.16516,True,False,False
pd8b-top040-lam010-lr20-s43-rl160,recipe,43,116,13.159867,True,False,False
pd8b-top040-lam010-lr20-s43-rl160,recipe,43,117,13.155391,True,False,False
pd8b-top040-lam010-lr20-s43-rl160,recipe,43,118,13.151824,True,False,False
pd8b-top040-lam010-lr20-s43-rl160,recipe,43,119,13.149238,True,False,False
pd8b-top040-lam010-lr20-s43-rl160,recipe,43,120,13.147687,True,False,False
pd8b-top040-lam010-lr20-s44-rl160,recipe,44,41,13.204536,True,False,False
pd8b-top040-lam010-lr20-s44-rl160,recipe,44,42,13.211617,True,False,False
pd8b-top040-lam010-lr20-s44-rl160,recipe,44,43,13.219,True,False,False
pd8b-top040-lam010-lr20-s44-rl160,recipe,44,44,13.226534,True,False,False
pd8b-top040-lam010-lr20-s44-rl160,recipe,44,45,13.234065,True,False,False
pd8b-top040-lam010-lr20-s44-rl160,recipe,44,46,13.241439,True,False,False
pd8b-top040-lam010-lr20-s44-rl160,recipe,44,47,13.248508,True,False,False
pd8b-top040-lam010-lr20-s44-rl160,recipe,44,48,13.255126,True,False,False
pd8b-top040-lam010-lr20-s44-rl160,recipe,44,49,13.261158,True,False,False
pd8b-top040-lam010-lr20-s44-rl160,recipe,44,50,13.266483,True,False,False
pd8b-top040-lam010-lr20-s44-rl160,recipe,44,51,13.270991,True,False,False
pd8b-top040-lam010-lr20-s44-rl160,recipe,44,52,13.27459,True,False,False
pd8b-top040-lam010-lr20-s44-rl160,recipe,44,53,13.277208,True,False,False
pd8b-top040-lam010-lr20-s44-rl160,recipe,44,54,13.27879,True,False,False
pd8b-top040-lam010-lr20-s44-rl160,recipe,44,55,13.279305,True,False,False
pd8b-top040-lam010-lr20-s44-rl160,recipe,44,56,13.278743,True,False,False
pd8b-top040-lam010-lr20-s44-rl160,recipe,44,57,13.277113,True,False,False
pd8b-top040-lam010-lr20-s44-rl160,recipe,44,58,13.274451,True,False,False
pd8b-top040-lam010-lr20-s44-rl160,recipe,44,59,13.27081,True,False,False
pd8b-top040-lam010-lr20-s44-rl160,recipe,44,60,13.266264,True,False,False
pd8b-top040-lam010-lr20-s44-rl160,recipe,44,61,13.260905,True,False,False
pd8b-top040-lam010-lr20-s44-rl160,recipe,44,62,13.254844,True,False,False
pd8b-top040-lam010-lr20-s44-rl160,recipe,44,63,13.248203,True,False,False
pd8b-top040-lam010-lr20-s44-rl160,recipe,44,64,13.241118,True,False,False
pd8b-top040-lam010-lr20-s44-rl160,recipe,44,65,13.233734,True,False,False
pd8b-top040-lam010-lr20-s44-rl160,recipe,44,66,13.226199,True,False,False
pd8b-top040-lam010-lr20-s44-rl160,recipe,44,67,13.218669,True,False,False
pd8b-top040-lam010-lr20-s44-rl160,recipe,44,68,13.211296,True,False,False
pd8b-top040-lam010-lr20-s44-rl160,recipe,44,69,13.204232,True,False,False
pd8b-top040-lam010-lr20-s44-rl160,recipe,44,70,13.197618,True,False,False
pd8b-top040-lam010-lr20-s44-rl160,recipe,44,71,13.191591,True,False,False
pd8b-top040-lam010-lr20-s44-rl160,recipe,44,72,13.186274,True,False,False
pd8b-top040-lam010-lr20-s44-rl160,recipe,44,73,13.181773,True,False,False
pd8b-top040-lam010-lr20-s44-rl160,recipe,44,74,13.178182,True,False,False
pd8b-top040-lam010-lr20-s44-rl160,recipe,44,75,13.175574,True,False,False
pd8b-top040-lam010-lr20-s44-rl160,recipe,44,76,13.174001,True,False,False
pd8b-top040-lam010-lr20-s44-rl160,recipe,44,77,13.173495,True,False,False
pd8b-top040-lam010-lr20-s44-rl160,recipe,44,78,13.174067,True,False,False
pd8b-top040-lam010-lr20-s44-rl160,recipe,44,79,13.175706,True,False,False
pd8b-top040-lam010-lr20-s44-rl160,recipe,44,80,13.178377,True,False,False
pd8b-top040-lam010-lr20-s44-rl160,recipe,44,81,13.182027,True,False,False
pd8b-top040-lam010-lr20-s44-rl160,recipe,44,82,13.18658,True,False,False
pd8b-top040-lam010-lr20-s44-rl160,recipe,44,83,13.191945,True,False,False
pd8b-top040-lam010-lr20-s44-rl160,recipe,44,84,13.198012,True,False,False
pd8b-top040-lam010-lr20-s44-rl160,recipe,44,85,13.204658,True,False,False
pd8b-top040-lam010-lr20-s44-rl160,recipe,44,86,13.211746,True,False,False
pd8b-top040-lam010-lr20-s44-rl160,recipe,44,87,13.219133,True,False,False
pd8b-top040-lam010-lr20-s44-rl160,recipe,44,88,13.226668,True,False,False
pd8b-top040-lam010-lr20-s44-rl160,recipe,44,89,13.234197,True,False,False
pd8b-top040-lam010-lr20-s44-rl160,recipe,44,90,13.241568,True,False,False
pd8b-top040-lam010-lr20-s44-rl160,recipe,44,91,13.248629,True,False,False
pd8b-top040-lam010-lr20-s44-rl160,recipe,44,92,13.255238,True,False,False
pd8b-top040-lam010-lr20-s44-rl160,recipe,44,93,13.261259,True,False,False
pd8b-top040-lam010-lr20-s44-rl160,recipe,44,94,13.26657,True,False,False
pd8b-top040-lam010-lr20-s44-rl160,recipe,44,95,13.271063,True,False,False
pd8b-top040-lam010-lr20-s44-rl160,recipe,44,96,13.274645,True,False,False
pd8b-top040-lam010-lr20-s44-rl160,recipe,44,97,13.277245,True,False,False
pd8b-top040-lam010-lr20-s44-rl160,recipe,44,98,13.278809,True,False,False
pd8b-top040-lam010-lr20-s44-rl160,recipe,44,99,13.279305,True,False,False
pd8b-top040-lam010-lr20-s44-rl160,recipe,44,100,13.278723,True,False,False
pd8b-top040-lam010-lr20-s44-rl160,recipe,44,101,13.277075,True,False,False
pd8b-top040-lam010-lr20-s44-rl160,recipe,44,102,13.274395,True,False,False
pd8b-top040-lam010-lr20-s44-rl160,recipe,44,103,13.270737,True,False,False
pd8b-top040-lam010-lr20-s44-rl160,recipe,44,104,13.266176,True,False,False
pd8b-top040-lam010-lr20-s44-rl160,recipe,44,105,13.260804,True,False,False
pd8b-top040-lam010-lr20-s44-rl160,recipe,44,106,13.254731,True,False,False
pd8b-top040-lam010-lr20-s44-rl160,recipe,44,107,13.248081,True,False,False
pd8b-top040-lam010-lr20-s44-rl160,recipe,44,108,13.24099,True,False,False
pd8b-top040-lam010-lr20-s44-rl160,recipe,44,109,13.233601,True,False,False
pd8b-top040-lam010-lr20-s44-rl160,recipe,44,110,13.226066,True,False,False
pd8b-top040-lam010-lr20-s44-rl160,recipe,44,111,13.218537,True,False,False
pd8b-top040-lam010-lr20-s44-rl160,recipe,44,112,13.211168,True,False,False
pd8b-top040-lam010-lr20-s44-rl160,recipe,44,113,13.20411,True,False,False
pd8b-top040-lam010-lr20-s44-rl160,recipe,44,114,13.197506,True,False,False
pd8b-top040-lam010-lr20-s44-rl160,recipe,44,115,13.191491,True,False,False
pd8b-top040-lam010-lr20-s44-rl160,recipe,44,116,13.186187,True,False,False
pd8b-top040-lam010-lr20-s44-rl160,recipe,44,117,13.181702,True,False,False
pd8b-top040-lam010-lr20-s44-rl160,recipe,44,118,13.178127,True,False,False
pd8b-top040-lam010-lr20-s44-rl160,recipe,44,119,13.175537,True,False,False
pd8b-top040-lam010-lr20-s44-rl160,recipe,44,120,13.173982,True,False,False
