relative_path,size_bytes,sha256
PROVENANCE.json,1076,15d2fe426c0c98b87526e5faeafd6965dc6dc91c41c53bd0f8920492ca787eba
README.md,1338,476560311839c2743ba9383c9e2d36e65ad91080a23431078a1dce4cdd78a485
aime_sample_output_manifest.csv,43295575,bb840621bc5b1f1d99b4bdb877dc31388baa3a557aab11d94ce9f3076216c43e
checkpoint_detached/pd1p7b-dense-lam100-lr01-s42-rl160__rlstep040.json,877,32ddc2e366af0c7f209094b1ad25ae967cc419a488aa860a469f2c5786b0fa65
checkpoint_detached/pd1p7b-dense-lam100-lr01-s42-rl160__rlstep080.json,877,46092d5bcd2fcf5437e69c2792af59d5162e03d5fd49e30d8daa2211b93abfc0
checkpoint_detached/pd1p7b-dense-lam100-lr01-s42-rl160__rlstep120.json,879,bdf688638b3435cdc3837766a9e1c30e969ebffb3ab1bd63ced7203a747cde61
checkpoint_detached/pd1p7b-dense-lam100-lr01-s42-rl160__rlstep160.json,879,b24ff688c2963392b229eacb77b7fed46db00b4a1f7c284236f59f4aabc7979a
checkpoint_detached/pd1p7b-dense-lam100-lr01-s43-rl160__rlstep040.json,877,2477d6cb013b33295e47a4f244a3560b283c57c2233a0ae88ce0ee38dc3ea5aa
checkpoint_detached/pd1p7b-dense-lam100-lr01-s43-rl160__rlstep080.json,877,ccc3c9d5ea8d0f55f09c8cfc865533ea549cad80646d42a21dd1144ba43a510a
checkpoint_detached/pd1p7b-dense-lam100-lr01-s43-rl160__rlstep120.json,879,36f4cdba6519c0bda2cbcfacbeaec33f52c173eae4e154bb061bc11ef69eea90
checkpoint_detached/pd1p7b-dense-lam100-lr01-s43-rl160__rlstep160.json,879,21401ad0b37cf9fe44e9fd9661e07723abfb84195a4d47a976d01aa28a4808d6
checkpoint_detached/pd1p7b-dense-lam100-lr01-s44-rl160__rlstep040.json,877,6fe6e89cca9458015cc953097a8a7e92f2e6958c02213eab86d4820241e9223c
checkpoint_detached/pd1p7b-dense-lam100-lr01-s44-rl160__rlstep080.json,877,c280a598f5444231762342e2709339ed96c7e3d09e4a7d6deb1b88d11b361371
checkpoint_detached/pd1p7b-dense-lam100-lr01-s44-rl160__rlstep120.json,879,3eae2da438da9781ff12bc75a4bdec46307b1ab14886dfab46bca70d1cf0c6ac
checkpoint_detached/pd1p7b-dense-lam100-lr01-s44-rl160__rlstep160.json,879,76121afdf72c93f13e7a220556b457f691d3edc40195bdaafe5a28d290e888ff
checkpoint_detached/pd1p7b-top040-lam010-lr20-s42-rl160__rlstep040.json,879,63fbbc94427988204ed1a8ea0cad742f73e0b81623dcda0cb31b94c2009f4437
checkpoint_detached/pd1p7b-top040-lam010-lr20-s42-rl160__rlstep080.json,879,3bd99eb572e6f366ea434f951a9bf2c87aff4aa026a237db3166ac1617aef836
checkpoint_detached/pd1p7b-top040-lam010-lr20-s42-rl160__rlstep120.json,881,fb81aebffe4639aa9e94ca9c3d1e8e0a19bffd3f177da8bc35d45eb07c4affa4
checkpoint_detached/pd1p7b-top040-lam010-lr20-s42-rl160__rlstep160.json,881,bd8e3690c3dac3fe528d723dbbb7db48e08f9a06b8fb00d69bc8f9a4c0dbff5d
checkpoint_detached/pd1p7b-top040-lam010-lr20-s43-rl160__rlstep040.json,879,3f398da91541a6c3b8df8daf8f340aee168243c23d6b266f5051fcc6f3acad29
checkpoint_detached/pd1p7b-top040-lam010-lr20-s43-rl160__rlstep080.json,879,7b71ced8762e205f6f6b7702f4d8c7015e3cd9b31e89511d477a18ecaf7df595
checkpoint_detached/pd1p7b-top040-lam010-lr20-s43-rl160__rlstep120.json,881,0d60259c1d868640b178e466f3af7c19fd4a851f18944ab01ac03aec8493f1de
checkpoint_detached/pd1p7b-top040-lam010-lr20-s43-rl160__rlstep160.json,881,59f3c2c1704c1b1f47a6f6dddda3797098309306382cb527727832f41c45f402
checkpoint_detached/pd1p7b-top040-lam010-lr20-s44-rl160__rlstep040.json,879,2339d071edc6c921f7640a53d5857f1d2ec2669c2ce3026afba319bfffac9fe6
checkpoint_detached/pd1p7b-top040-lam010-lr20-s44-rl160__rlstep080.json,879,d454cdd189bdb9d6dd7f006d54fb82fe54557491687c86c8906a73ac0b03e797
checkpoint_detached/pd1p7b-top040-lam010-lr20-s44-rl160__rlstep120.json,881,fbaf4790a9b9ed81a475a7f753cc6ed7e4e551810f40e411ff6cae5af4001874
checkpoint_detached/pd1p7b-top040-lam010-lr20-s44-rl160__rlstep160.json,881,097082e796d4c3936973c8a5123af24d60469060b8fb79487df8581613e0b65b
checkpoint_detached/pd8b-ctrl-complement-s42-rl160__rlstep040.json,870,e5d4d0159ef972d1a68bc92ea4442e5d23d8db082263f4fad96f92433ddc530d
checkpoint_detached/pd8b-ctrl-complement-s42-rl160__rlstep080.json,870,a2972bee3681d89ec6ddae3b01ea0f0722b0c43155e658054ef46a451d3da0db
checkpoint_detached/pd8b-ctrl-complement-s42-rl160__rlstep120.json,872,8929a7848de88ebe11080ce8aaaee424398d3fd2a1a12a296b4ebd02d097ee3f
checkpoint_detached/pd8b-ctrl-complement-s42-rl160__rlstep160.json,872,4b289f07365bb10c4b80080d3d133cd7caeace170fb5b3fd120ef0d593b73cc7
checkpoint_detached/pd8b-ctrl-complement-s43-rl160__rlstep040.json,870,dad8a02847fa877a19a82cb3e3aebc1ae070f47645350fb74af659cf0d79cabd
checkpoint_detached/pd8b-ctrl-complement-s43-rl160__rlstep080.json,870,1949fac5cfeb762b2f33437a28faae7bd05a8230451347804627c401aafdd05b
checkpoint_detached/pd8b-ctrl-complement-s43-rl160__rlstep120.json,872,7ad085c90c640d4213440508bdeca3e59437a7a2c409bbbd9497a4cae4904c80
checkpoint_detached/pd8b-ctrl-complement-s43-rl160__rlstep160.json,872,b83e4435a06c5e6b554e749e9456559d9e7e3505df683e552b8f9374197bc8ab
checkpoint_detached/pd8b-ctrl-complement-s44-rl160__rlstep040.json,870,d8732c51f6e04b04f2f3a5769818b0a3bf945f3f366d04a706f7a5e4562a87f2
checkpoint_detached/pd8b-ctrl-complement-s44-rl160__rlstep080.json,870,2a7389a224e65378d7f6a3a5ac312f913bee9e2b37cc437988de0c94adad3ef0
checkpoint_detached/pd8b-ctrl-complement-s44-rl160__rlstep120.json,872,d6316977f6be282e6a45f10cd24616e08bbcdbc27a2053d6fcd123301af669fc
checkpoint_detached/pd8b-ctrl-complement-s44-rl160__rlstep160.json,872,85d4866dea898c52634503d56f259e76c619c4acf3f491dc5683df080ba4b2a5
checkpoint_detached/pd8b-ctrl-frozen-s42-rl160__rlstep040.json,862,c1b9f8f07526346c0976084f2d197dfe8040a1e429a61428761979c4292cc5bf
checkpoint_detached/pd8b-ctrl-frozen-s42-rl160__rlstep080.json,862,a46b6b0422a571dc1b5a0cdfbb490d0dd5c3ccacaa3975e36496b5988070706b
checkpoint_detached/pd8b-ctrl-frozen-s42-rl160__rlstep120.json,864,33af69bda0e8954b2a3e2c660ad92c5e11be18d71a43ca38f67d0e9de8baa687
checkpoint_detached/pd8b-ctrl-frozen-s42-rl160__rlstep160.json,864,5a8336170624caab69d31bbd8fdb8cfa4adb51f2a442f1e4c0f7333d7f078416
checkpoint_detached/pd8b-ctrl-frozen-s43-rl160__rlstep040.json,862,bed5476d684ee7fda8cc199ac9f6d7f16a630c5910a68ff5d697d8b0ae534b8e
checkpoint_detached/pd8b-ctrl-frozen-s43-rl160__rlstep080.json,862,24804e4aa617124a14a24c7923955c45587677d4bdc75ecf58b8078500525859
checkpoint_detached/pd8b-ctrl-frozen-s43-rl160__rlstep120.json,864,c0006b3d97e58f1031e50e4d7239102aac71752672dbf31b43a03878166f97cc
checkpoint_detached/pd8b-ctrl-frozen-s43-rl160__rlstep160.json,864,dc26f85d35bdcb443844a8e3ab17106291260bae1dbd940a4ac8e1685366690b
checkpoint_detached/pd8b-ctrl-frozen-s44-rl160__rlstep040.json,862,6ef21d16fcc10c55dc1bbdbc5ea202a60a3e2b1685109162d04e29fb6cb65443
checkpoint_detached/pd8b-ctrl-frozen-s44-rl160__rlstep080.json,862,f413b20bb23259c8192fd72dd337d3e7056f828be4db31b8a7c5504151c410c2
checkpoint_detached/pd8b-ctrl-frozen-s44-rl160__rlstep120.json,864,d3fd4dae23f53d4ad73dcdd11c63cdf5e9b22b53f3ebd1aff4dd648743ac20f9
checkpoint_detached/pd8b-ctrl-frozen-s44-rl160__rlstep160.json,864,92a5016d6e5590e33484d21223b2625113337d23e36a1cb573d90e0bf6cb3eb6
checkpoint_detached/pd8b-ctrl-oracle-s42-rl160__rlstep040.json,862,f3efc7db0c577ba471f9a8ecf96d1f062e02539ee04180a31a19a32e1d6ef5f5
checkpoint_detached/pd8b-ctrl-oracle-s42-rl160__rlstep080.json,862,92a5b67151cde1a35558fb0ce1ab8560d877958fe05659b30eec517904dc0ba9
checkpoint_detached/pd8b-ctrl-oracle-s42-rl160__rlstep120.json,864,d25984afed0cd721a76f7fa73e59307fab8c0d668dc868f095fc6846e7b602f3
checkpoint_detached/pd8b-ctrl-oracle-s42-rl160__rlstep160.json,864,7d09e967f303e27093837701619680ecf8a51f26093893317b2db0845a742396
checkpoint_detached/pd8b-ctrl-oracle-s43-rl160__rlstep040.json,862,fdd4b983f21f8d7e1582b56ee9ef66d9cfcf910a142242b3542200f716a325a8
checkpoint_detached/pd8b-ctrl-oracle-s43-rl160__rlstep080.json,862,5fdd509abb70efce858df8fe0908ebfbaf41978378982ab9d5d8547ac39f7131
checkpoint_detached/pd8b-ctrl-oracle-s43-rl160__rlstep120.json,864,01760296be57e0a3a7c8f021b5745f567860ae81b555b29d0e31913b6d77a26e
checkpoint_detached/pd8b-ctrl-oracle-s43-rl160__rlstep160.json,864,d3c8a5085e0251ab9732b061fd0f6c96ec104da4e93e125f884d0a92a401e51f
checkpoint_detached/pd8b-ctrl-oracle-s44-rl160__rlstep040.json,862,47db80543aaaa01a26a2b7973cf996b0727073cf4d09c942350890070b568ced
checkpoint_detached/pd8b-ctrl-oracle-s44-rl160__rlstep080.json,862,6349c038bd8c7340df587dc68c3c56a38e10c7186ad81c36d6b7996cf8199e8c
checkpoint_detached/pd8b-ctrl-oracle-s44-rl160__rlstep120.json,864,003181e31968880f4476f2c1257496c38d1f4163f01f376556cf83d4c988f711
checkpoint_detached/pd8b-ctrl-oracle-s44-rl160__rlstep160.json,864,56c9c3b1805daccae5ef26d7ac0430c82a0206ccfb748c1bb5b29537d4a2af51
checkpoint_detached/pd8b-ctrl-random040-s42-rl160__rlstep040.json,868,76baedfad6466ef8c2984ef2068310df9f9bdf73365fab817875f8cd3edca07f
checkpoint_detached/pd8b-ctrl-random040-s42-rl160__rlstep080.json,868,acee8d36954fc4d52a5df1f7454814fe03da903e0118f977b52b861062330d39
checkpoint_detached/pd8b-ctrl-random040-s42-rl160__rlstep120.json,870,7971776030e7d9347f39cecd1b24e1651c2e99f904454fa663f1522dee66d5c1
checkpoint_detached/pd8b-ctrl-random040-s42-rl160__rlstep160.json,870,8851408647f3cee4de2a53cf5b4d522d57d0262d2f2cd9a2bea59415840c93aa
checkpoint_detached/pd8b-ctrl-random040-s43-rl160__rlstep040.json,868,6d0e751f4085abb25a8ae73325520e2dadfeb22a976a110c3a868544f7c6b278
checkpoint_detached/pd8b-ctrl-random040-s43-rl160__rlstep080.json,868,f63a4fd1ae2b37209fc14733186321254fcd964c7fed70618b2ce57ccfe1b12b
checkpoint_detached/pd8b-ctrl-random040-s43-rl160__rlstep120.json,870,e6ae98bd0802960a4acf2b1b839f6f7a44f021aaaea49e4fbee3a97ee3f25b0d
checkpoint_detached/pd8b-ctrl-random040-s43-rl160__rlstep160.json,870,c854ba3cbf04315748b6fad95ca3a32119eb73834be05d39c83ed4870e2dbd89
checkpoint_detached/pd8b-ctrl-random040-s44-rl160__rlstep040.json,868,694617fa181043f444244df0026071dcd65b7863a6f54d0edbdb0756244704f8
checkpoint_detached/pd8b-ctrl-random040-s44-rl160__rlstep080.json,868,0be838df9efd53139fbc88425220a9cfd2d35f52887b84ec09b38b45d4b6c0c6
checkpoint_detached/pd8b-ctrl-random040-s44-rl160__rlstep120.json,870,c7528ec194b89a8d2c2cd2b9cddf47d0c27f2884443faf4641f9abb564d76809
checkpoint_detached/pd8b-ctrl-random040-s44-rl160__rlstep160.json,870,c972832ec1cd9bd717812b5ccc346cd99d90cc24c63d5800db1f3d55b1c2de0b
checkpoint_detached/pd8b-ctrl-staticmag-s42-rl160__rlstep040.json,868,307dc473e3f6210a01f65f41f0df46e4c41630f312eb7da44dfca2c372f61269
checkpoint_detached/pd8b-ctrl-staticmag-s42-rl160__rlstep080.json,868,6c284458629dbeaff6b09811a75198dfaaeab32c47f3e8cfd76c59be1e9229ee
checkpoint_detached/pd8b-ctrl-staticmag-s42-rl160__rlstep120.json,870,679e3bcb78bbc9eeaef2e8265448b23425a36be9d393cdf81bd927f33a9b5aca
checkpoint_detached/pd8b-ctrl-staticmag-s42-rl160__rlstep160.json,870,14a10cafb800b94a746ba753ce70cc2fec148096061623dc46c85dfec1cd088c
checkpoint_detached/pd8b-ctrl-staticmag-s43-rl160__rlstep040.json,868,1698176f8d6a53e5a282a4f6e46e5844e18fc756cc1f34096caffe2682ce487b
checkpoint_detached/pd8b-ctrl-staticmag-s43-rl160__rlstep080.json,868,f4d9f7c9f56b30426a7c4df8681e60f8eb80984460853315538a31df857ed381
checkpoint_detached/pd8b-ctrl-staticmag-s43-rl160__rlstep120.json,870,883ea8aa8fcdd12d15d396fbac26f5f573627db1b69d1c87dda25660fd735b71
checkpoint_detached/pd8b-ctrl-staticmag-s43-rl160__rlstep160.json,870,52589f99ea0a93f4693dd7d1b99d60536eef13cb5e993d85c29521f2cb858d76
checkpoint_detached/pd8b-ctrl-staticmag-s44-rl160__rlstep040.json,868,afccd63c1b91377c4e9541486314e468b90ff279d5f96cd96851aa91b3abe8b5
checkpoint_detached/pd8b-ctrl-staticmag-s44-rl160__rlstep080.json,868,3e1b8dcea9f32dc4c5250e9830264ef02c9a24100590ec166fed0d7facf493ba
checkpoint_detached/pd8b-ctrl-staticmag-s44-rl160__rlstep120.json,870,9a01ef9de2c20bae57e1e82e19509bc5886d56acb40f2da275f0ecb68c2dbeaa
checkpoint_detached/pd8b-ctrl-staticmag-s44-rl160__rlstep160.json,870,bf3f6d9cbeb172364135ea79d7204a397c075aed7a6653363ceb3a1c83d31475
checkpoint_detached/pd8b-dapo-dense-s42-rl160__rlstep040.json,860,f7b70a1e56a65b484e78eebf5734c175cd9805e2083c91c266bc76d93f72bfdb
checkpoint_detached/pd8b-dapo-dense-s42-rl160__rlstep080.json,860,55a5a8281a37efc7f88bcc8cd2001d28ba6f91fe9eff9f3568e98d8d8f19e032
checkpoint_detached/pd8b-dapo-dense-s42-rl160__rlstep120.json,862,709dd2d41968a2828c75cad0aca5ee1863a38388309a86671fa44cd50b595d67
checkpoint_detached/pd8b-dapo-dense-s42-rl160__rlstep160.json,862,131daade139dfd6db8b22d60d37e4fdb92122668c1fb8cea2d57141da268a557
checkpoint_detached/pd8b-dapo-dense-s43-rl160__rlstep040.json,860,1abacfc7e3733dcabab2d7093537e8d0b711191d9c63031c8950ad53eacf2fef
checkpoint_detached/pd8b-dapo-dense-s43-rl160__rlstep080.json,860,d190b26e871053bff1d36a77c33d306b438be7d4caef02980e94aca06a2bdf81
checkpoint_detached/pd8b-dapo-dense-s43-rl160__rlstep120.json,862,b3602d37c753cf46b1426a0bbb2d69cd6b9c8055cbade7a6427c7f0081d3ff9e
checkpoint_detached/pd8b-dapo-dense-s43-rl160__rlstep160.json,862,aab819e76f1fad183520ab12d9826b9a5c3747476f07543bf50e39cacbf8af22
checkpoint_detached/pd8b-dapo-dense-s44-rl160__rlstep040.json,860,8f2b8e1968109d0d87d2c28557febe415980341963b36e9a22e03b55e390be01
checkpoint_detached/pd8b-dapo-dense-s44-rl160__rlstep080.json,860,57872b8a3ad128650e979d3b36ca79c0c85bddb62fb4696e30e02dce000be69f
checkpoint_detached/pd8b-dapo-dense-s44-rl160__rlstep120.json,862,dc5564aaaa401ad1e7dd9c4ea1c7763d27bbae194723404bd82722a10f30d19d
checkpoint_detached/pd8b-dapo-dense-s44-rl160__rlstep160.json,862,6ba8d76af1d16b513373c4d10627130da6c4fa810961ebf2f3104381935654c8
checkpoint_detached/pd8b-dapo-recipe-s42-rl160__rlstep040.json,862,8b9f32be177c15098c921707c6c9239aa4c428e74dfa77aa36f4810ab012b542
checkpoint_detached/pd8b-dapo-recipe-s42-rl160__rlstep080.json,862,f8350a64c25fec11cbaf8c85464226cc83464c1bb3de3ffb2e70277ad0167e05
checkpoint_detached/pd8b-dapo-recipe-s42-rl160__rlstep120.json,864,5dc02acd206507de807c330bfaa21f0ab9fb4849ac9916f3af5183a879d7dfae
checkpoint_detached/pd8b-dapo-recipe-s42-rl160__rlstep160.json,864,cd7f4dffe428da26614815da45f5ad284f69861614dbbc05468f563bafb4c01a
checkpoint_detached/pd8b-dapo-recipe-s43-rl160__rlstep040.json,862,fdbb413c790533350627730c4a428f23b3fca03575f9d18b8a4ffabb7a396ca4
checkpoint_detached/pd8b-dapo-recipe-s43-rl160__rlstep080.json,862,351f245293adbce669fa8a28f6f6dc833b73c155cf6e014dffcd4f27a304832f
checkpoint_detached/pd8b-dapo-recipe-s43-rl160__rlstep120.json,864,16966d9dd762303e09dddcd321469adbbc9524400955b7b9eaf99d7949e1402f
checkpoint_detached/pd8b-dapo-recipe-s43-rl160__rlstep160.json,864,1b10e4544e21ed780bd5408388a8dcfa17c18d856f67a39256a7741086676957
checkpoint_detached/pd8b-dapo-recipe-s44-rl160__rlstep040.json,862,92c42b87a0b3210685db32ff4a67a2bab70268ff9281d5c7383c4cfd8ecd3f59
checkpoint_detached/pd8b-dapo-recipe-s44-rl160__rlstep080.json,862,f700453b97d5cd57f10b4fb2921e383dd13241d012ad2461aae6c9a6e00191c0
checkpoint_detached/pd8b-dapo-recipe-s44-rl160__rlstep120.json,864,c5f8cb312e1451b7aa99f6f52016ee35bee573b119701d9da6df9c8c91660cff
checkpoint_detached/pd8b-dapo-recipe-s44-rl160__rlstep160.json,864,b33f51b27a6c049959064ab1d7c1bfd797e95d792b9ca324c661e4467e342508
checkpoint_detached/pd8b-dense-lam010-lr01-s42-rl160__rlstep040.json,874,ca7b9d52a840ba81135be1ce7fb510fcfaad8363e5415170a51e5bf3c6cab2c4
checkpoint_detached/pd8b-dense-lam010-lr01-s42-rl160__rlstep080.json,874,e781de652b591cdc49f981d88c674a05a7b1e32ea7dff9bebb87e9f988ef848d
checkpoint_detached/pd8b-dense-lam010-lr01-s42-rl160__rlstep120.json,876,d22063c7a760c0eb1bec77d02ad424d973758d1968d4278980a3121034d4fc75
checkpoint_detached/pd8b-dense-lam010-lr01-s42-rl160__rlstep160.json,876,63d92e3053235942dd85d9845c32e2a3a57ba27c43bf4e80d15fbdc220369d2b
checkpoint_detached/pd8b-dense-lam010-lr01-s43-rl160__rlstep040.json,874,c03f4dc2c9a81713ab443196962ac2692fa62c0bb23afe657456469112518830
checkpoint_detached/pd8b-dense-lam010-lr01-s43-rl160__rlstep080.json,874,be50d71eaf15fec8e7a477e65954942e4dbe2b1667a35602fdcf4062e84a3725
checkpoint_detached/pd8b-dense-lam010-lr01-s43-rl160__rlstep120.json,876,ceadea6880c1f4659cf64ea4ded27b0f5e1ebdb46545e4f2002bfcac06dea197
checkpoint_detached/pd8b-dense-lam010-lr01-s43-rl160__rlstep160.json,876,715065f05c2d15b1b8f8116d63ce803138ebbc78192480e13e3e0390edf01398
checkpoint_detached/pd8b-dense-lam010-lr01-s44-rl160__rlstep040.json,874,584d3179e712c7f63889bf6c924827ac8e689f73fce52a3b45b8c70256d367b6
checkpoint_detached/pd8b-dense-lam010-lr01-s44-rl160__rlstep080.json,874,cda8cf590a4b840caf00793b30f53acf3231c02c495dc9b6df79b28bd788f33e
checkpoint_detached/pd8b-dense-lam010-lr01-s44-rl160__rlstep120.json,876,9f1bfa871daf6e981a37fbd6815c03595bfa85c8bd3fab8c41e1a1452102cb87
checkpoint_detached/pd8b-dense-lam010-lr01-s44-rl160__rlstep160.json,876,ffe1bc242f70daf601b081aabb1036884fdc6f348ca3a79a89857e83ad284f28
checkpoint_detached/pd8b-dense-lam010-lr05-s42-rl160__rlstep040.json,874,148617a631a0ffa7ff828f51ca9417f6e7e7608de2a29e05124202d7a52fdb51
checkpoint_detached/pd8b-dense-lam010-lr05-s42-rl160__rlstep080.json,874,1d5843aba8e079af56b94f64c52bdb5ee3e21ee9f1895fac3b71d0b77e05e1f2
checkpoint_detached/pd8b-dense-lam010-lr05-s42-rl160__rlstep120.json,876,bbfa4bd7dc0651c2608889d8267cf64602cb752e591726faaea39d25649e0170
checkpoint_detached/pd8b-dense-lam010-lr05-s42-rl160__rlstep160.json,876,333798157ef33b8953c3cb368bffdfd5e1a0555e619bac96ad12d526cade9b5a
checkpoint_detached/pd8b-dense-lam010-lr05-s43-rl160__rlstep040.json,874,587c34723190731b60089554c84bc6880423ec9a7da6fa50cdfb77cd77865cfa
checkpoint_detached/pd8b-dense-lam010-lr05-s43-rl160__rlstep080.json,874,41f43e34fad216c74ccfb4f9b2a52405da3353c2ca58f3fcfbf76bb64c1bd708
checkpoint_detached/pd8b-dense-lam010-lr05-s43-rl160__rlstep120.json,876,5d176934c60e3a61b22072f364488cc65fac4be1a50b796fbba996ce4b55bd98
checkpoint_detached/pd8b-dense-lam010-lr05-s43-rl160__rlstep160.json,876,b13d05e5b77e8728aa94de3d9e5ec7f0a60291ec35eebe1d1b290146299fa9cb
checkpoint_detached/pd8b-dense-lam010-lr05-s44-rl160__rlstep040.json,874,233780ab487dd511ff5532bf02f62aaf3f3654e16c8944756fea8b1b987846c8
checkpoint_detached/pd8b-dense-lam010-lr05-s44-rl160__rlstep080.json,874,8c682e97c49184f4a0b43a25ab714888ff677b143e3d3059140f07819372c8bf
checkpoint_detached/pd8b-dense-lam010-lr05-s44-rl160__rlstep120.json,876,a517c4902ff306ca645d67f8068aefd872df4c1f047446185d5fa4edebad8739
checkpoint_detached/pd8b-dense-lam010-lr05-s44-rl160__rlstep160.json,876,5120825f6c928dab2977b4d6e77ff89ee2917db3b22fa0f711ee351d737b9241
checkpoint_detached/pd8b-dense-lam010-lr10-s42-rl160__rlstep040.json,874,59083649e40eae0c7f11b2d4d61e0a39781f3f11ec738b7538944cf851d44fc1
checkpoint_detached/pd8b-dense-lam010-lr10-s42-rl160__rlstep080.json,874,b2eab74b71902502330e7768ca7388e92d80136a4b01995817f85c7000c71021
checkpoint_detached/pd8b-dense-lam010-lr10-s42-rl160__rlstep120.json,876,23a3ad17ac92d8e407ffc79aee62933c4469e4e8eda042b8a2f9c2dfd558bd49
checkpoint_detached/pd8b-dense-lam010-lr10-s42-rl160__rlstep160.json,876,24de118c4851902a3efcdeeabdced58d32e1f97b0fbc63af848a168adb48a215
checkpoint_detached/pd8b-dense-lam010-lr10-s43-rl160__rlstep040.json,874,1e241af19c46d9edb858e51ce7249f74d23d328df1043a553bf9928a3f072f30
checkpoint_detached/pd8b-dense-lam010-lr10-s43-rl160__rlstep080.json,874,3611583b0924cfd7d57feb0817c675fe6291545f62fb45194356fefb09d7e816
checkpoint_detached/pd8b-dense-lam010-lr10-s43-rl160__rlstep120.json,876,05b6071fb62c0e57112e9cd7da24d2ea4ea1647b5876e5afe77250c58521ca3b
checkpoint_detached/pd8b-dense-lam010-lr10-s43-rl160__rlstep160.json,876,7b128bd264cc70624e486cc243d0b4b4ed9b588473285b081cc440a036f03152
checkpoint_detached/pd8b-dense-lam010-lr10-s44-rl160__rlstep040.json,874,cd41a73343597f64dc5c454e9f4f4aeed7a6bacb48f74ba1d0e3600576da869d
checkpoint_detached/pd8b-dense-lam010-lr10-s44-rl160__rlstep080.json,874,00c0e638187607f1bfbf1fe2537b33d509a5640c94cc5aef699f0feed61d510f
checkpoint_detached/pd8b-dense-lam010-lr10-s44-rl160__rlstep120.json,876,05306173c8dca85c740b8521391ffdb2869f7f34fd47858e46012fe2fe9d29ee
checkpoint_detached/pd8b-dense-lam010-lr10-s44-rl160__rlstep160.json,876,c1794fc6d62cfe59a9ded527120ba8f7f86d164957615b83a69a44483824ddc1
checkpoint_detached/pd8b-dense-lam010-lr20-s42-rl160__rlstep040.json,874,da51cba5cd9e7011899ef6850ae9f6348af63152ac4558e5c560e461f635cdbb
checkpoint_detached/pd8b-dense-lam010-lr20-s42-rl160__rlstep080.json,874,8dfc39e3196a8e886b2ee327118d66b35a12b44720dfaf41e19619f170f147b6
checkpoint_detached/pd8b-dense-lam010-lr20-s42-rl160__rlstep120.json,876,212f14a263461ba85182f0d180e66612994ca26c78aaf0cf81d3d684c92db3b6
checkpoint_detached/pd8b-dense-lam010-lr20-s42-rl160__rlstep160.json,876,277424c1239e55dc185ba27f55a673975642fa961eb0794a85fb7572c3f9840f
checkpoint_detached/pd8b-dense-lam010-lr20-s43-rl160__rlstep040.json,874,85953e044b56094a07d3f6aab273bd673b8633269f0c8e0c0afa232b3dd6830d
checkpoint_detached/pd8b-dense-lam010-lr20-s43-rl160__rlstep080.json,874,f6771846ce8c47413a51785d3b62301b7d26c9e84786cf58e2924f070a3c9e16
checkpoint_detached/pd8b-dense-lam010-lr20-s43-rl160__rlstep120.json,876,610b079a0fcb4522022b3a8f7f8a3aae649f2a02297696a805b4881b26ac27f5
checkpoint_detached/pd8b-dense-lam010-lr20-s43-rl160__rlstep160.json,876,922333c7ebbb123ea5a9d12dbd1f2e828558a9a57ca78b9c6a5389ceb260ffcd
checkpoint_detached/pd8b-dense-lam010-lr20-s44-rl160__rlstep040.json,874,ee39520f8ac6126270106f40ca973110b9cc497ac24e253ae0791a6a4f524b71
checkpoint_detached/pd8b-dense-lam010-lr20-s44-rl160__rlstep080.json,874,e6d0293fcb4ad482e00613adc15532b13af3e021e60a942dc705aa8f8e4b0b72
checkpoint_detached/pd8b-dense-lam010-lr20-s44-rl160__rlstep120.json,876,9cae3e5ee3bc0febd282301fdf8d9c34cca36daa2b37de448be72c7f2314f403
checkpoint_detached/pd8b-dense-lam010-lr20-s44-rl160__rlstep160.json,876,e6764a5203acf4c5b9c5d5f3a8a21f154cfe24edde9c703230081cfe7e6d587e
checkpoint_detached/pd8b-dense-lam100-lr01-s42-rl160__rlstep040.json,874,659c9cf4f254449f9cfd6801a3153fe6361fd0abe222948e798f5d54b1f921dd
checkpoint_detached/pd8b-dense-lam100-lr01-s42-rl160__rlstep080.json,874,0081ac287316dcdb991152d0b5deb6bb4551b77f846659a954f8f4bc005f9abe
checkpoint_detached/pd8b-dense-lam100-lr01-s42-rl160__rlstep120.json,876,5f8e9fc47a12faf53d10462b72f20c27d97d4c7a7ebbc55e512edf72985097aa
checkpoint_detached/pd8b-dense-lam100-lr01-s42-rl160__rlstep160.json,876,77aa5f2f94d8abb0bb827f970c284ba5d5194eab04439e091caf04c991fb2dff
checkpoint_detached/pd8b-dense-lam100-lr01-s43-rl160__rlstep040.json,874,ae125832ccdd7822113bebc1f9dbafd3071fec10c8a1d46baff7dddd61b18168
checkpoint_detached/pd8b-dense-lam100-lr01-s43-rl160__rlstep080.json,874,b8f6f5b4dced98dff622685fb440e93d8642e94e8909ed5edb21b56a5b0764d4
checkpoint_detached/pd8b-dense-lam100-lr01-s43-rl160__rlstep120.json,876,56abd575a6736d916c3812fe97012aaab6e79c80b70d39f66f75673aeb4da1f5
checkpoint_detached/pd8b-dense-lam100-lr01-s43-rl160__rlstep160.json,876,431804c8a0a2cd9d87dd59d31d6d856539f16cb476b05b38c852d8a90f1c02e1
checkpoint_detached/pd8b-dense-lam100-lr01-s44-rl160__rlstep040.json,874,68bba0499df87f8191fe1d5d05a3582bed842b11fd1c4f0ff4c342d6293743f7
checkpoint_detached/pd8b-dense-lam100-lr01-s44-rl160__rlstep080.json,874,b9ff40bb0c5b19ec5eb832be6572752e60212ae7f7be57192d4f2ddd94e4b66f
checkpoint_detached/pd8b-dense-lam100-lr01-s44-rl160__rlstep120.json,876,11444513ffb5219cb8940decff6cfda30d20d90794000a874fba86c80f5ff450
checkpoint_detached/pd8b-dense-lam100-lr01-s44-rl160__rlstep160.json,876,3b723e796caf637b2249ec22428672b46378538fe0f0020d57eeaddb91b837d5
checkpoint_detached/pd8b-dense-lam100-lr05-s42-rl160__rlstep040.json,874,4e855ba1017d1622abd665c432fed679a12129f007bd9e5616a4259d152bddcd
checkpoint_detached/pd8b-dense-lam100-lr05-s42-rl160__rlstep080.json,874,099d3ff3559c120b1e483610bd59b2a95df14fe668f1d54396e0b34fc3eb2c3c
checkpoint_detached/pd8b-dense-lam100-lr05-s42-rl160__rlstep120.json,876,0eef163bc005cc5e6d92b5d136ac8e265f1b592b24fef418838e19d9d2f537f0
checkpoint_detached/pd8b-dense-lam100-lr05-s42-rl160__rlstep160.json,876,8519b97dd9e285292fe68076af72119896ea57423868549fb70c8a1ed927175c
checkpoint_detached/pd8b-dense-lam100-lr05-s43-rl160__rlstep040.json,874,4b609012bdfc1de70c39896f0b8c0ff282ce52c640906fd3553a14fc9dfd0543
checkpoint_detached/pd8b-dense-lam100-lr05-s43-rl160__rlstep080.json,874,7644cce5a3efa9151130b7f9a06f28c53bee41790f20143597b4bc607b260778
checkpoint_detached/pd8b-dense-lam100-lr05-s43-rl160__rlstep120.json,876,0077f7c6969a5f3b7ef42d38dad3d6a3b6eb988e043c5d2a07b872f0fb450453
checkpoint_detached/pd8b-dense-lam100-lr05-s43-rl160__rlstep160.json,876,31dc672d385e73c6c25d7f6180f24d5572c09e9a07b5877532187b5650fd3ef2
checkpoint_detached/pd8b-dense-lam100-lr05-s44-rl160__rlstep040.json,874,f931a6ae81578f0d8878be7e694393e54a7bef33714aa471ac153e29e4a05af9
checkpoint_detached/pd8b-dense-lam100-lr05-s44-rl160__rlstep080.json,874,fcd206a5c32173bb88eaa46d1bf1ddf0f11c1809cf62a83d438bbade5fd53a53
checkpoint_detached/pd8b-dense-lam100-lr05-s44-rl160__rlstep120.json,876,c6d37b4f606a2d614c8a8a680506079a1dcca34d6647a65de7addbfe35a68999
checkpoint_detached/pd8b-dense-lam100-lr05-s44-rl160__rlstep160.json,876,e9c58e5290240684f94242bb80f961c5f9b946a69016cfab851ba047886919ce
checkpoint_detached/pd8b-dense-lam100-lr10-s42-rl160__rlstep040.json,874,e7a98eeac15adcdcf2d83984034513ee92aa072e38b410472e838dba16abc8bb
checkpoint_detached/pd8b-dense-lam100-lr10-s42-rl160__rlstep080.json,874,c04a87b044ba2ae9fb4449d52528b32b1fffb88c6f67fbc4e790c9a6a105e112
checkpoint_detached/pd8b-dense-lam100-lr10-s42-rl160__rlstep120.json,876,4454a81c309f4f6879c37fd06ca9c9785faf81f4b50edb9ec65cb4211981940a
checkpoint_detached/pd8b-dense-lam100-lr10-s42-rl160__rlstep160.json,876,4f87a2414d99958f8eb95197a46d90e9fe44ad921ab50fe7ad4b98f94538d214
checkpoint_detached/pd8b-dense-lam100-lr10-s43-rl160__rlstep040.json,874,1efca3b286c0849176c336c262c8e84282156bcdfd81ec872f513bdc3f9de77e
checkpoint_detached/pd8b-dense-lam100-lr10-s43-rl160__rlstep080.json,874,e522b3c9257ee94f01ab23605682a792f8e46ece58ee15165d91403cc7565083
checkpoint_detached/pd8b-dense-lam100-lr10-s43-rl160__rlstep120.json,876,b7f57e22afe83ebabdf147d765b1c94c8fed4c77328eef599788632ffbe9c3d8
checkpoint_detached/pd8b-dense-lam100-lr10-s43-rl160__rlstep160.json,876,1a5996b114396ca8f4e607b27a282487f917778f5ec8e1cf65e7533eb4a62f53
checkpoint_detached/pd8b-dense-lam100-lr10-s44-rl160__rlstep040.json,874,1ade075ae1bee8fd49c95588ca3f38af2dd5db5479e4fdf0ca1fc0bd01a65585
checkpoint_detached/pd8b-dense-lam100-lr10-s44-rl160__rlstep080.json,874,a571ad40e0651cdf1ff13c09978919164f062214b80951cb80aa667af1662192
checkpoint_detached/pd8b-dense-lam100-lr10-s44-rl160__rlstep120.json,876,9b7786f6b0a7943745df674497cab095952368a010526f5db1f6c6ccb946441b
checkpoint_detached/pd8b-dense-lam100-lr10-s44-rl160__rlstep160.json,876,4f1e21743262c819076bf7c0e7706afe8d61a6ec01c11c4d53985f52f443fb95
checkpoint_detached/pd8b-dense-lam100-lr20-s42-rl160__rlstep040.json,874,5d0b6e48069cf3ae2f1df7fcf64ff45d9ad393df5bb24974a90a45809cbf658c
checkpoint_detached/pd8b-dense-lam100-lr20-s42-rl160__rlstep080.json,874,b2db9e9ca8146cec7ce080fa16229774fc870ee8fd5faa5d2ceafafd40fe1ffb
checkpoint_detached/pd8b-dense-lam100-lr20-s42-rl160__rlstep120.json,876,6b686457b3aed07e036f475e7efdb6edab59507548367fbbc5952ffa11839f2f
checkpoint_detached/pd8b-dense-lam100-lr20-s42-rl160__rlstep160.json,876,3f6792556840837eaaf82d7b401d47d2227148cd3abe2d8a74b31dbe7eb8559a
checkpoint_detached/pd8b-dense-lam100-lr20-s43-rl160__rlstep040.json,874,19764efd98652fdfe72cbd9596f337b8a0c67f8ce027e3a01e70c9406dbea465
checkpoint_detached/pd8b-dense-lam100-lr20-s43-rl160__rlstep080.json,874,306106ee019b5b7313bbd31c669ac60176e85ac1a8ca7c94564556acfede03f8
checkpoint_detached/pd8b-dense-lam100-lr20-s43-rl160__rlstep120.json,876,160f7bd9d61f46ce13f5a195669d5926136c4b3132f6078de4fe12e4993527fa
checkpoint_detached/pd8b-dense-lam100-lr20-s43-rl160__rlstep160.json,876,91e04eb58b0d1b87f92a789dd9e3c4e62519f4392ca042c23f94ca2db8008775
checkpoint_detached/pd8b-dense-lam100-lr20-s44-rl160__rlstep040.json,874,8a9f637c1c8adb10aaf5d5eec1403a7165514c4ea97e17a828e560d04e7a752b
checkpoint_detached/pd8b-dense-lam100-lr20-s44-rl160__rlstep080.json,874,3fc97578ba092301e171e989d37109d85e83ae93ba14c8414f6009e5197d5ab0
checkpoint_detached/pd8b-dense-lam100-lr20-s44-rl160__rlstep120.json,876,e0eb84902fefe73621c0491a834e77bf3be87260ab18e3df80ab8b6550bbb831
checkpoint_detached/pd8b-dense-lam100-lr20-s44-rl160__rlstep160.json,876,7d1a2c17a186446ba7ccbd947c5dd970bd4e072b6017a565f5cab8efa899b14e
checkpoint_detached/pd8b-top040-lam010-lr01-s42-rl160__rlstep040.json,876,0c360d8358e316d27ae1780a665c63289ed02c662ae0beee7b564ae14adf9e46
checkpoint_detached/pd8b-top040-lam010-lr01-s42-rl160__rlstep080.json,876,81894f3f2978d1956ac1d587ad6382ea6d8b9b30573653d8bb7e4bc47ad8d1e6
checkpoint_detached/pd8b-top040-lam010-lr01-s42-rl160__rlstep120.json,878,fa2463bd376944b0f5e684e1cb7473c92134e2dda324284d7948a550f4c78ed5
checkpoint_detached/pd8b-top040-lam010-lr01-s42-rl160__rlstep160.json,878,be4528a6b88459a68d38caf7eaf3a633143d8fde2d9db8e6039fa2632e86b064
checkpoint_detached/pd8b-top040-lam010-lr01-s43-rl160__rlstep040.json,876,526af3c11c3a659efc5bd8922b77f9883fda4670d52270761f6c79dae306c0b6
checkpoint_detached/pd8b-top040-lam010-lr01-s43-rl160__rlstep080.json,876,2d9a5816f1fea481b93d2b9bd9495fdd9b4ad211d53c682bdaf54eec6d65b15d
checkpoint_detached/pd8b-top040-lam010-lr01-s43-rl160__rlstep120.json,878,54b76d2d99f4aa133462641cc2bca406cff56e64a90f68a40acc7bf7defa0fa3
checkpoint_detached/pd8b-top040-lam010-lr01-s43-rl160__rlstep160.json,878,e2cc85ab6c43b7ebb75e1dd2ef5339a0ca479ffe829e9b01b537f1de362ec122
checkpoint_detached/pd8b-top040-lam010-lr01-s44-rl160__rlstep040.json,876,115fcba5891152002c0003cba0c051ba4ea4cb1aa0f6ebd5ca974ad7ecaf099b
checkpoint_detached/pd8b-top040-lam010-lr01-s44-rl160__rlstep080.json,876,bb5bd4e9091615e028749fed8ac16a83be9cd534cb582170827cbdb147da2477
checkpoint_detached/pd8b-top040-lam010-lr01-s44-rl160__rlstep120.json,878,3b4ecd1b7144883241a011d3931545509b6b8e209358bcc402a41392b82a9b27
checkpoint_detached/pd8b-top040-lam010-lr01-s44-rl160__rlstep160.json,878,0787bd818d7d0c42898b9b6592d8464533768a9c4ac7961582d4364b9d995fe4
checkpoint_detached/pd8b-top040-lam010-lr05-s42-rl160__rlstep040.json,876,0daf23ff6387753f9b44ff4e7616c9bc11f19e05f39a8d0b406861b0aaf14478
checkpoint_detached/pd8b-top040-lam010-lr05-s42-rl160__rlstep080.json,876,5555aba0a9911fd1d679b7a9e3db5466acbd4c4fa86fb44840d7c06c8f4c75c1
checkpoint_detached/pd8b-top040-lam010-lr05-s42-rl160__rlstep120.json,878,322e18a52c7f2f060df05c3b310d5295c2930545b7bd73b6641f1f797b051955
checkpoint_detached/pd8b-top040-lam010-lr05-s42-rl160__rlstep160.json,878,c279548e567f9ef4bf2d2d3da22f51dc46f8db15b9c4655d667479b2579b3b64
checkpoint_detached/pd8b-top040-lam010-lr05-s43-rl160__rlstep040.json,876,20efdf2f152c8aaab1f07ed5e3d853a53189303318a5de8da7d20eec2f9ecb98
checkpoint_detached/pd8b-top040-lam010-lr05-s43-rl160__rlstep080.json,876,13f3b6aeccfc753ca85eb78a43cd7e8a5bb35d5d9f6a441528f525cfd830acf1
checkpoint_detached/pd8b-top040-lam010-lr05-s43-rl160__rlstep120.json,878,ff0e6f6ee8f348abf701e3e41f2bc9fe08188d4eb1a10326ac30cceeaad8ac64
checkpoint_detached/pd8b-top040-lam010-lr05-s43-rl160__rlstep160.json,878,f933644902a7fe5643c732c05f08a8306e4b3307ead86829bbcd6ac4226eab29
checkpoint_detached/pd8b-top040-lam010-lr05-s44-rl160__rlstep040.json,876,650791c35bde9e6de4e448c03ad0787658b2ec02ba2e5741da198cb5def5db28
checkpoint_detached/pd8b-top040-lam010-lr05-s44-rl160__rlstep080.json,876,922bdbf8379591f6a9c7581ab7feb7515a483e11460a060b0305241cf5d88cd5
checkpoint_detached/pd8b-top040-lam010-lr05-s44-rl160__rlstep120.json,878,2142fd72c8664869c0e9e1eebac3795027b33bc5777661f563d959d1dfd254ad
checkpoint_detached/pd8b-top040-lam010-lr05-s44-rl160__rlstep160.json,878,96f8e467b0ee3e645d10c2e5262e9217d10a85225dee59ba97cfc1b4d429f8ec
checkpoint_detached/pd8b-top040-lam010-lr10-s42-rl160__rlstep040.json,876,4a548a4943a5f83bad6d651a8636e541a42edf573d22c3cfa62557ae49797063
checkpoint_detached/pd8b-top040-lam010-lr10-s42-rl160__rlstep080.json,876,87ceac12f8f24b15fe5e2a8ff4562028fb466a546a1b1cd43e234d70de7c7246
checkpoint_detached/pd8b-top040-lam010-lr10-s42-rl160__rlstep120.json,878,296a2f58c3af5ccd35129ad160abfb1c550591132b83a55389cad91613340ee3
checkpoint_detached/pd8b-top040-lam010-lr10-s42-rl160__rlstep160.json,878,1312aca0a91277591340bbe424422dea425f72c205bf5fca4ba4f635c15101f6
checkpoint_detached/pd8b-top040-lam010-lr10-s43-rl160__rlstep040.json,876,16ca00057f12d03ec73e8f8a3b83188b1e14fe451e3cefc27cb900f41814cfac
checkpoint_detached/pd8b-top040-lam010-lr10-s43-rl160__rlstep080.json,876,6ce2e98352bc31f8fb6e0e212e109dd561ba1b13deadecf468ecdda3d6d482b3
checkpoint_detached/pd8b-top040-lam010-lr10-s43-rl160__rlstep120.json,878,28330825b92a910a87efeaf5a3d19a73e0fc570b0c2fb25409c2fd597dbd71aa
checkpoint_detached/pd8b-top040-lam010-lr10-s43-rl160__rlstep160.json,878,d8ff5485e1d1b9ea1530e9882c24dd3fc2992fb578e80398dd3c4fccbdd956ce
checkpoint_detached/pd8b-top040-lam010-lr10-s44-rl160__rlstep040.json,876,e97557470dfae6c14bce7a354ffa891a696906273a6ce33074f25f0d65edace3
checkpoint_detached/pd8b-top040-lam010-lr10-s44-rl160__rlstep080.json,876,a02fd0774c496cd2fb470794ef534a8029155dcc02f86df0bcd9bbc6d664268b
checkpoint_detached/pd8b-top040-lam010-lr10-s44-rl160__rlstep120.json,878,52a7ecf86d55f97f4ec74c27e76f391233d9c3a915663512f3c0e3966be78813
checkpoint_detached/pd8b-top040-lam010-lr10-s44-rl160__rlstep160.json,878,eff901b479f1732c29665ef6e46c2ca1d0c1436ba5faa673a417a0735305745a
checkpoint_detached/pd8b-top040-lam010-lr20-s42-rl160__rlstep040.json,876,810401400a034eb31ecd76dd7d634d9980e18248e935e50abe7131eb7bce639f
checkpoint_detached/pd8b-top040-lam010-lr20-s42-rl160__rlstep080.json,876,d9608073e09d7f522a13e4016ff2c86ee26b92c6c59423f6827498bd581309a9
checkpoint_detached/pd8b-top040-lam010-lr20-s42-rl160__rlstep120.json,878,28c09a623bae968ea5c22c32945ba6a734c6eb57e9d66a4a2db80ab2dfc339b0
checkpoint_detached/pd8b-top040-lam010-lr20-s42-rl160__rlstep160.json,878,f3d9b57192761381388cf0a37bba07801953b9ca922d7c0cca33723bd812a444
checkpoint_detached/pd8b-top040-lam010-lr20-s43-rl160__rlstep040.json,876,db4d54140b186f9c902d718252976baa4a084b8fadf1fdb662467dfa753c6cae
checkpoint_detached/pd8b-top040-lam010-lr20-s43-rl160__rlstep080.json,876,d9a4fb778ed08db9e9d1d2d8b0a7a8509bb1b687fabbd5a513a57a86a9f1178e
checkpoint_detached/pd8b-top040-lam010-lr20-s43-rl160__rlstep120.json,878,e68579b3633589427cdc9d0ac9ac78082f4ee9bcedb6faed3887f5ec7a66a24a
checkpoint_detached/pd8b-top040-lam010-lr20-s43-rl160__rlstep160.json,878,1c102e018d2599e62d1b98764d29d33be9634bb01846e682f6fccdf51121785b
checkpoint_detached/pd8b-top040-lam010-lr20-s44-rl160__rlstep040.json,876,2a0358d8981d5ed7c8fc7fd5e6d00b3673654f2d14ee887f99c916fb0165b5f8
checkpoint_detached/pd8b-top040-lam010-lr20-s44-rl160__rlstep080.json,876,f86b2e03a8f9ac73c2dc4009ac71878ef9e6db3bfa87dc55a7a231a9dc8f1679
checkpoint_detached/pd8b-top040-lam010-lr20-s44-rl160__rlstep120.json,878,33fa4871641d04007b3dadebcb3938dcc5f2c8079af70712697ad05aa129763e
checkpoint_detached/pd8b-top040-lam010-lr20-s44-rl160__rlstep160.json,878,91eb037b6961c646ef1e47b0c55cb63a71affa0d78f0f3db02666f2339a1fa1a
checkpoint_detached/pd8b-top040-lam100-lr01-s42-rl160__rlstep040.json,876,7fdf7bdf378f9459531df39557b1d400bec030d98b98c7cfde6da23574cc42d7
checkpoint_detached/pd8b-top040-lam100-lr01-s42-rl160__rlstep080.json,876,a00491251cdc366ecfc71b0b62d620cfde0a5d30a8c3a6255a6277434ef8e522
checkpoint_detached/pd8b-top040-lam100-lr01-s42-rl160__rlstep120.json,878,6a37b92f7ee29304a55c910b7a38f39ac6224f9e56e18826b05a24088f4f0b2f
checkpoint_detached/pd8b-top040-lam100-lr01-s42-rl160__rlstep160.json,878,72e80ff6c23c8ba83e881408d19ca10adc33aafbec36d28c72002076d0742679
checkpoint_detached/pd8b-top040-lam100-lr01-s43-rl160__rlstep040.json,876,e306500858e850a13a93ec226dcac12d1ed2131928c2fdeedd2612707ef14120
checkpoint_detached/pd8b-top040-lam100-lr01-s43-rl160__rlstep080.json,876,f6984f6fc5e8afb1200c9f8da7e3863d94ffbb1725fb9316ba85cb78ac9e782e
checkpoint_detached/pd8b-top040-lam100-lr01-s43-rl160__rlstep120.json,878,5ac3915bf0a607d921ffe4decd4e07bb0017addabab1d45deab7fe6ce78ff36b
checkpoint_detached/pd8b-top040-lam100-lr01-s43-rl160__rlstep160.json,878,e2eaa5f723794f43c158d3ff217346710870740a1f781eb05382600bd38b7a48
checkpoint_detached/pd8b-top040-lam100-lr01-s44-rl160__rlstep040.json,876,b031fc97a0d25c6fba3757224d52df7358d6cc515d248b873492fbf9ec972366
checkpoint_detached/pd8b-top040-lam100-lr01-s44-rl160__rlstep080.json,876,d07aab66ad4616c4ace6bf1013677e9918445a66f86b03d05c864f81ae5f5088
checkpoint_detached/pd8b-top040-lam100-lr01-s44-rl160__rlstep120.json,878,5a6461731cea062eea9f2582ee6b4ac79f261296440c66a56ecd9437093c2ddb
checkpoint_detached/pd8b-top040-lam100-lr01-s44-rl160__rlstep160.json,878,fd30b6841ca4b9857d462c29872a0060d36b6e4130e4ecdc812aa46714f73978
checkpoint_detached/pd8b-top040-lam100-lr05-s42-rl160__rlstep040.json,876,6f1bbb1b655ecbac8a6aafc29845ea6dc0a44f1a3045b11586567c8cf85ea36d
checkpoint_detached/pd8b-top040-lam100-lr05-s42-rl160__rlstep080.json,876,3188c7d3782ad0331cee6225d1401035355478fb01e88dfa422a39957ea03239
checkpoint_detached/pd8b-top040-lam100-lr05-s42-rl160__rlstep120.json,878,37e7ab168dc342e552bfc8428c5220b4d245eaafbb2aceff41f4964a35f906a2
checkpoint_detached/pd8b-top040-lam100-lr05-s42-rl160__rlstep160.json,878,47d7d75f95fe395d4f647d2f7ac17eff804c20e8d17a59a9d7e1722d5d664e60
checkpoint_detached/pd8b-top040-lam100-lr05-s43-rl160__rlstep040.json,876,c0e4d44df50066b2b53d9d3b11ea15074b6f83830c20bab061e03709025ce7cc
checkpoint_detached/pd8b-top040-lam100-lr05-s43-rl160__rlstep080.json,876,ec65724e61b82d905001bdb8e0e4b09b663f69369a0afd290766251d580a4fc6
checkpoint_detached/pd8b-top040-lam100-lr05-s43-rl160__rlstep120.json,878,67da8239d2e847f4bf5894c158ef6f4a5b37fa23886bed682f5a0cc682b5eb77
checkpoint_detached/pd8b-top040-lam100-lr05-s43-rl160__rlstep160.json,878,1c5c670b9ab2a241396f39a7bda3993c8bbe8e5c96f247a440b5daea8d8bf8a7
checkpoint_detached/pd8b-top040-lam100-lr05-s44-rl160__rlstep040.json,876,a4cc4fc6374277f7ab6cc2674107ebcd53c55dbe0e2b3fb12e58b62cb6353038
checkpoint_detached/pd8b-top040-lam100-lr05-s44-rl160__rlstep080.json,876,05957c503553484e85e8581220d7bb811cd3bad5eecb845574802da5b2d3f23a
checkpoint_detached/pd8b-top040-lam100-lr05-s44-rl160__rlstep120.json,878,536224b27b36aebe7c0522118a430db98a707e1f67845c53f682de757bd72988
checkpoint_detached/pd8b-top040-lam100-lr05-s44-rl160__rlstep160.json,878,adfb26a3c404a49ae4327aeb1be340ae88cbc8629153c5b80d994056d3b3955d
checkpoint_detached/pd8b-top040-lam100-lr10-s42-rl160__rlstep040.json,876,962b06803a8bd55b2ea900c79ca7295a69a27db1856fcc7ff5b86438f3b8c471
checkpoint_detached/pd8b-top040-lam100-lr10-s42-rl160__rlstep080.json,876,da611f071bdf6a7057cc6d7c0739ba2d48b834bb05127c87af1fe928fab44312
checkpoint_detached/pd8b-top040-lam100-lr10-s42-rl160__rlstep120.json,878,1d611596544bd66a64959b08ff7f52e37782a11d28c759e11f06a215124fef4f
checkpoint_detached/pd8b-top040-lam100-lr10-s42-rl160__rlstep160.json,878,9bfbdee6af676e6d4d584de297ed3af70a6d9fc4550c5e758b4cda7cbb671ce2
checkpoint_detached/pd8b-top040-lam100-lr10-s43-rl160__rlstep040.json,876,56885f953e8921e063f992f44a55a00bb50cac31b7a5e6a06159446ec8d14b39
checkpoint_detached/pd8b-top040-lam100-lr10-s43-rl160__rlstep080.json,876,93fec871624134209f096ffef71e48bfd67ede27efc22b4d3fadc10e556f3d54
checkpoint_detached/pd8b-top040-lam100-lr10-s43-rl160__rlstep120.json,878,9f5b1f3d64e27034a6071905d2acc5c765695e7398d98835267d1534371a90d8
checkpoint_detached/pd8b-top040-lam100-lr10-s43-rl160__rlstep160.json,878,d87f5bcc7bdf651fc3866f145e6b4c1cda4ee380fcdfb4e0c92e9e818f712517
checkpoint_detached/pd8b-top040-lam100-lr10-s44-rl160__rlstep040.json,876,427516763223ab4e221170242f33c1447fc4f66dcde476f2710268448195b151
checkpoint_detached/pd8b-top040-lam100-lr10-s44-rl160__rlstep080.json,876,8db6dabd7a204043857e4a5bd2255fc2e3ccf2e49fc96c8e2d608108e7bdb0e6
checkpoint_detached/pd8b-top040-lam100-lr10-s44-rl160__rlstep120.json,878,f430cc307dde434fd4e638dedd196ec220286278095087d4a908b76fe2637173
checkpoint_detached/pd8b-top040-lam100-lr10-s44-rl160__rlstep160.json,878,2f9907e6457808229a9e28742b16a82660f1821cfae2e2aafa97214801057511
checkpoint_detached/pd8b-top040-lam100-lr20-s42-rl160__rlstep040.json,876,896b5c5ec3bd579049c1fbe23fe2a258ec8c1cf7425526dbbc53b9625a2b6981
checkpoint_detached/pd8b-top040-lam100-lr20-s42-rl160__rlstep080.json,876,aa013320cb271a287fc5a06426c10c869eb55c90836499100daa4b4527ab4a31
checkpoint_detached/pd8b-top040-lam100-lr20-s42-rl160__rlstep120.json,878,4da1a1d31682146a4a2f59daedd94d4b27d445a0e212cbf72e754ab13152d335
checkpoint_detached/pd8b-top040-lam100-lr20-s42-rl160__rlstep160.json,878,46cef57d298b67b466f6432c9de13999e22516b70f312e0ae548e83f758e4464
checkpoint_detached/pd8b-top040-lam100-lr20-s43-rl160__rlstep040.json,876,fbde376add2c51fd54417d8977355f570b78062c5f323118c120a97b97725bcf
checkpoint_detached/pd8b-top040-lam100-lr20-s43-rl160__rlstep080.json,876,e0065e3dc8510713117b4a626808a4a9677890c59bfb2ffe871c7f5277cdca47
checkpoint_detached/pd8b-top040-lam100-lr20-s43-rl160__rlstep120.json,878,a6764c9e8ae6453b064a74110a9255c5b9bc8f525ac2ae2c115bee8b16b8c459
checkpoint_detached/pd8b-top040-lam100-lr20-s43-rl160__rlstep160.json,878,362879ae6adc0453c9e687263a70dd9b37921ea4a7d00d1c6e79611bb2837532
checkpoint_detached/pd8b-top040-lam100-lr20-s44-rl160__rlstep040.json,876,ad0054dc65455fee6abe27211b2564513ce03b517771ef1eb141a0d98e3c3926
checkpoint_detached/pd8b-top040-lam100-lr20-s44-rl160__rlstep080.json,876,76675c439492b84265ddde8ae581c7627641fe91d292ab8fcdbb3379a7c3b803
checkpoint_detached/pd8b-top040-lam100-lr20-s44-rl160__rlstep120.json,878,c6e666d51f9ea91db4e7debbe5e322beff68f80c8ba82e6a54d3bbac131e3288
checkpoint_detached/pd8b-top040-lam100-lr20-s44-rl160__rlstep160.json,878,53762018a16d802ff8dc881481bf1bd26a3d8219372fe19338ea6c16d19f1ef0
checkpoint_detached/pdllama8b-dense-s42-rl160__rlstep040.json,860,0af895efda045b5c1f6a316dafe133950380d44e4872fe9eb82d5e492de0d8f3
checkpoint_detached/pdllama8b-dense-s42-rl160__rlstep080.json,860,e3438d1c086f57829a8c3c94b9eae426b6b613d5d212ac6cb99863d26cb0b3c2
checkpoint_detached/pdllama8b-dense-s42-rl160__rlstep120.json,862,5fdb47ee77982966a89084fa87ecded16a92d31d3d67eeeaa37fd8f4475e32df
checkpoint_detached/pdllama8b-dense-s42-rl160__rlstep160.json,862,e5a0f3a2998615f30cbff547e8f1564ef7195c4b8487331f6d680ac702deea7e
checkpoint_detached/pdllama8b-dense-s43-rl160__rlstep040.json,860,ebc5e13187b49aaa5e0f0d352302c60e4b8a1b869321d339ec0404506e7ec4f0
checkpoint_detached/pdllama8b-dense-s43-rl160__rlstep080.json,860,3f2d288259b6656c654c1c7496adea2927c775a86e5135f64fabcb60fb5d6327
checkpoint_detached/pdllama8b-dense-s43-rl160__rlstep120.json,862,04c182365a579b1858ce31f5ba37ca5d71ed96d90e692849a79cf612f5202116
checkpoint_detached/pdllama8b-dense-s43-rl160__rlstep160.json,862,b5ad5c45f2c752ebfe40fab4364d9598794b1b38dd3c5acec6f36a2a2541ebbc
checkpoint_detached/pdllama8b-dense-s44-rl160__rlstep040.json,860,25671e608c8ab732c6d03cbc4560bf5c85368129869fab7969c91418c3cd4797
checkpoint_detached/pdllama8b-dense-s44-rl160__rlstep080.json,860,7b18b8388bae6d114c8b806653a91b83d514fbc3d3013dfc11df1064a7991501
checkpoint_detached/pdllama8b-dense-s44-rl160__rlstep120.json,862,7d3e639fdc7321c571ff60227a8cd7d0f6192b253527163bee4f9184d949fcff
checkpoint_detached/pdllama8b-dense-s44-rl160__rlstep160.json,862,9c0586e565676d76ffb8e08166d302eda440da241423cae3c3effd87355ed6a2
checkpoint_detached/pdllama8b-recipe-s42-rl160__rlstep040.json,862,9ba2cbfc638f9a985a8bc161056b413cb4f01c9478bcfcb7fac57fdf2ec55824
checkpoint_detached/pdllama8b-recipe-s42-rl160__rlstep080.json,862,9f5fa7a5c5a9459dc880995c7a52ade75d556cd7f77668cefc7c35ec79565f54
checkpoint_detached/pdllama8b-recipe-s42-rl160__rlstep120.json,864,1d32396d10a7c94c18be3796102a67fa80e6a44a47b2f07e67c60ab2891703ad
checkpoint_detached/pdllama8b-recipe-s42-rl160__rlstep160.json,864,c29a06c0d0c60472bbaf6c00e38f8c80b28f6ffa2eeac199a70b64872c50c53d
checkpoint_detached/pdllama8b-recipe-s43-rl160__rlstep040.json,862,a5bf94e37c0a6dc2f9af68f3c1c271a79f9625531075a88d5956f41bd762ad63
checkpoint_detached/pdllama8b-recipe-s43-rl160__rlstep080.json,862,fba355550115788586d7b946c8e356c391d4caed6988c6ca5c05bf00fed06f01
checkpoint_detached/pdllama8b-recipe-s43-rl160__rlstep120.json,864,d6a0b2535406eae35d49ef1927e12c5ccef53d79634f9a66360a65ea270effb9
checkpoint_detached/pdllama8b-recipe-s43-rl160__rlstep160.json,864,3396ea0dc838f26852923a5f7d663d66fabda75f595f62909fdb6c37ac7ddf26
checkpoint_detached/pdllama8b-recipe-s44-rl160__rlstep040.json,862,4dd6bdc2e3970c52d0ef7234915a967f70e8f23a127195b3206f4531a6ca2726
checkpoint_detached/pdllama8b-recipe-s44-rl160__rlstep080.json,862,1b560b149eaa12d29b78ed607f2fd14b82fd7a9d55602c973a1e849d72c26d92
checkpoint_detached/pdllama8b-recipe-s44-rl160__rlstep120.json,864,f58ade34f3b2cba838ffb4f91bf124eb37089807d3d01083cbd2c1135da99a45
checkpoint_detached/pdllama8b-recipe-s44-rl160__rlstep160.json,864,062869049ef8f5f09f3221eb1a437a418f3c325a95add42d4fc46fd9042ff51c
checkpoint_detached_manifests.jsonl,408324,2303bd60ce7775cbd640b9f3c455359cfec90b5fef07e3299bf122c8dc42c17c
collapse_classification.csv,2554,d4aa6ca59e9eab9fff797f639e837156391d2e5597b1861fbc8ac29fbd1f7168
collapse_sources/pd8b-dense-lam100-lr20-s42-rl160.jsonl,33212,d801c93e9ed2f537333f8511d5f2dc1c4db370f182e166d673665a5be7c6054a
collapse_sources/pd8b-dense-lam100-lr20-s43-rl160.jsonl,33204,26b75aaa075f992547a179747fa50feaa2c947eb98b2ac2a1eec04de487fd9d4
collapse_sources/pd8b-dense-lam100-lr20-s44-rl160.jsonl,33196,e43171c46a683a96acfac2da399a87a39c2a97ae9a2a0cb3b4e948bca9aecc40
collapse_sources/pd8b-top040-lam010-lr20-s42-rl160.jsonl,33470,bfa0f984ee08aea68c20dd844aac18fc0257439993e8f4df1d5970720da09de1
collapse_sources/pd8b-top040-lam010-lr20-s43-rl160.jsonl,33470,cb3368e3d5bbe5973777c010bdb84cee903590e02462043d790de0a5d23d7fc0
collapse_sources/pd8b-top040-lam010-lr20-s44-rl160.jsonl,33470,bfb79f9e4dd7343c9307b8969c39069af05db3c23b5ed133e2f74384694402a2
collapse_sources/rl_d18_llama31_8b_sparseadamw_topk04_neg01_lr20x_s40_8k.jsonl,12877,b9a8e35c5b64ebe5f180ca2ba71fdccf4469ca3ca6f31f538e5d1fd1622437d6
collapse_sources/rl_d18b_llama31_8b_sparseadamw_topk04_neg01_lr20x_s40_8k_lrfix.jsonl,15116,a7400499eae0d33dec80d520b60889dba5015b5a25685799f0f7ffa5f9f2cfb7
collapse_sources/rl_d18c_llama31_8b_sparseadamw_topk04_neg01_lr20x_s100_8k.jsonl,45666,8e8e24b2e08add0094674955b89f7716bcc8c1deb6e19aea12b338adcd385bb0
efficiency_peak_memory.csv,4772,648a3b69f35c74d8c9935a95e65906e8a0f2745e2866a2e8c8e33b729c3df385
efficiency_sources.json,721,b1c26dbba6a4e5014994f936332a0f5cb0560103efe5b0a93961f32b535e017c
efficiency_step_timings.csv,35689,ab46e94ea0edf8262b3e763e80bb0a1d00bf5dbaec1f5d4dcd72f4622fdb5511
environment_manifest.jsonl,83007,04d18e5ce1395408c45fe547e0e0830713275829d5547394fed792464c32ec96
evaluation_and_training_protocol.json,5234,cb519bc2705632164a56035c0cb78bcda7e6e44a62979b5f3872394253a532ec
formal_base_artifact_manifest.csv,271104,4e96007504b74335b4102634a59b45ef4ef0e917842eb390ada1aee4f35a51d7
formal_run_manifests.jsonl,134610,a6efa1e92acff8167eb6479f991d5695434dad43bfb9394c73046dbdfd65c7d6
mask_manifest.csv,75455,c2efd26480688c45c53f76956094f7932621bda11eb9eb0a6449ed923c73c7e6
new_30_run_identities.csv,7281,b6d69721957f49b5eddb87a4493a1f8e5dc3b195775d41eb817191f2953277a4
optimizer_counts.csv,8638,4143e96c92366d137b39dfd7899eb152ea26ae86ebee35e8a634b7717d3a1f79
qwen17b_evaluation_counts.csv,863,6a9fc68877c4505946c132d9043b6f586efafe20953dc2c3e1fe5d8652ca865d
run_manifests/pd1p7b-dense-lam100-lr01-s42-rl160.json,1427,8321db603008059ba366d641cbcecfe364415a17606464726189aec2bb04e23f
run_manifests/pd1p7b-dense-lam100-lr01-s43-rl160.json,1427,5267da01916ed346956b75f529d26c39258354d8b1fb67f73518441afec84b26
run_manifests/pd1p7b-dense-lam100-lr01-s44-rl160.json,1427,baaa5ed745ff4b7ef189cd4871f5e0e74257155d5308567e25083465010344c5
run_manifests/pd1p7b-top040-lam010-lr20-s42-rl160.json,1434,935a230abcd87420e369d18f156ede0a394f18fdeee1d87195c711a370696c73
run_manifests/pd1p7b-top040-lam010-lr20-s43-rl160.json,1434,9d7c8613b82fbbf6b7f221bb4d2e4d0081f37335cc8f8c593a72585d2b481fd8
run_manifests/pd1p7b-top040-lam010-lr20-s44-rl160.json,1434,f33a3f5b572360b0ce3f403a909674ecce47f7e1ef93e10ebadcd871d1f6bff6
run_manifests/pd8b-ctrl-complement-s42-rl160.json,1433,b4cca7edc886aa5c25df29cb90d0cd72be1a90f552659473c0e7363b32d388c4
run_manifests/pd8b-ctrl-complement-s43-rl160.json,1433,cf757116972bafdb6dbbd3e6bd6dae5feed91a9e1730f868349575b39aeaf1f3
run_manifests/pd8b-ctrl-complement-s44-rl160.json,1433,1a9c52872fbdf8e9f75ca2a8a991d4dfdf5cb7c48ec60945ed96c941aa2e3f24
run_manifests/pd8b-ctrl-frozen-s42-rl160.json,1421,8d70e029016f24b59aa7139308a68e5c66dc0df6f3a7046550dcc34cafd72426
run_manifests/pd8b-ctrl-frozen-s43-rl160.json,1421,35ff1a81f64cb5b0dacd7065fbf76cf8a431c596309831a1ccae939c8ee5029f
run_manifests/pd8b-ctrl-frozen-s44-rl160.json,1421,f014d7248b11abe7e19100f1f1b3d5f6fa5a36816af3b82d8c7764b6240c0eb5
run_manifests/pd8b-ctrl-oracle-s42-rl160.json,1421,024827a973fa3f9b62a5f2a62b6a314d6b8d80a1c512ac6d0b618ef243add8ab
run_manifests/pd8b-ctrl-oracle-s43-rl160.json,1421,db83626909e2c2fb39c237d1321aa76743acf195a6e53e4bda105d70496002fe
run_manifests/pd8b-ctrl-oracle-s44-rl160.json,1421,f4e1870ebbcf885954f56b9e0c64c1b62293ccfb4ccdf82eeb7e976c4b861224
run_manifests/pd8b-ctrl-random040-s42-rl160.json,1430,50f3108a9c24371f554759400c55e127ef95255b4679fc880f8616b7c12de27c
run_manifests/pd8b-ctrl-random040-s43-rl160.json,1430,659d3a81abb506d2f07a03fa1aa1042b0d8e089a121f21ba62d3c137f3d5dcce
run_manifests/pd8b-ctrl-random040-s44-rl160.json,1430,b0a5888ac0a059df6d2c1ef657fb62a4a6b4e283fe4e1c633c78bff164289d12
run_manifests/pd8b-ctrl-staticmag-s42-rl160.json,1430,a19a6e3852bdf1607c45c76f8c8659f149788b1924b655419098ca8b68067100
run_manifests/pd8b-ctrl-staticmag-s43-rl160.json,1430,1a52dc07119be8919c1e7972bad2f14df51a68cf159fea228cd546c5dc331104
run_manifests/pd8b-ctrl-staticmag-s44-rl160.json,1430,5d22e44c162336c9988f3dd14806e80d12ce1b2bdb3f0455789f1edd2d96960c
run_manifests/pd8b-dapo-dense-s42-rl160.json,1403,d353c6541ccf28d4671f369a3a1556b6bb751bef1bab5ac1b6c282d7c62db7f8
run_manifests/pd8b-dapo-dense-s43-rl160.json,1403,8d058b04be18092fd46cfb1460cb6efe2a3a16fc9d0fba972a2fb9cc646c01e5
run_manifests/pd8b-dapo-dense-s44-rl160.json,1403,a64d1330dbd51f22e6178fd869fa3d80cf82b00d6e7d6a5bd9d9bac0de499fdc
run_manifests/pd8b-dapo-recipe-s42-rl160.json,1410,4e906cb9bbc583c8e6a6e78658a3342bcdcd17385887b32e0b399f2d6a0ccf74
run_manifests/pd8b-dapo-recipe-s43-rl160.json,1410,a2b85b708191070cba7722fbe6db1f5915859adb4bce5c2f4bc603ca66b403e4
run_manifests/pd8b-dapo-recipe-s44-rl160.json,1410,deb0b678c30630ffee690c7f1888587667ba6a995e46dafdf43dccbec8d90451
run_manifests/pd8b-dense-lam010-lr01-s42-rl160.json,1416,a9107d92a28ac8ebccc472e7cb917bff30c80ee3a3e482c1f15293a1e9844faa
run_manifests/pd8b-dense-lam010-lr01-s43-rl160.json,1416,4eb1aae0a435db5697eb9d8ce17c0206b6e562b1b1e86f8c6ebedf1780cab312
run_manifests/pd8b-dense-lam010-lr01-s44-rl160.json,1416,300982492a2d42995855b47230bcaf7322b3363326a8f9e2b62aa7f4ea437640
run_manifests/pd8b-dense-lam010-lr05-s42-rl160.json,1418,f47a33987e175a212f79448889154d545b5abc23d14eed07562d0574e6a9385f
run_manifests/pd8b-dense-lam010-lr05-s43-rl160.json,1418,a2c1de522746a714ae7811224cdd733d6587c5111c09d81a29c705442a490637
run_manifests/pd8b-dense-lam010-lr05-s44-rl160.json,1418,0b64cd6e44c13f724561931b1c2f13c82eb7dd5f2b2c9fdbaa27ea4211438430
run_manifests/pd8b-dense-lam010-lr10-s42-rl160.json,1417,51df8b6087d080dcb9491d13d35f3a813785ae0ebfde0dab5d874f02b7080c6b
run_manifests/pd8b-dense-lam010-lr10-s43-rl160.json,1417,35bfb9e39d1e19caf7afb7761b509cc6d8522a08aca6bdf0c1dcddaf698ed4d0
run_manifests/pd8b-dense-lam010-lr10-s44-rl160.json,1417,567fdf41dae28821b364ad1e80ba3e6615fe0b8b8db007ccd8cdce468b3a014c
run_manifests/pd8b-dense-lam010-lr20-s42-rl160.json,1418,ac2416adabc9d9af993c2b3379d74aa54864b048f04cf2fef32f415504adb8dd
run_manifests/pd8b-dense-lam010-lr20-s43-rl160.json,1418,47e8d84042185aa1b8107dc52fe414156f612eb97e79128f739988e3ffb4f328
run_manifests/pd8b-dense-lam010-lr20-s44-rl160.json,1418,c4de9ed74d52a4f9b1b97b9f102d21a60efd17e55486b8f4f8e309e535cf8c4c
run_manifests/pd8b-dense-lam100-lr01-s42-rl160.json,1416,97c1ff6d282c338bb46da5a06ecb92750a56ad733d7d9a4778ffad522f51efcd
run_manifests/pd8b-dense-lam100-lr01-s43-rl160.json,1416,420cc3e6465ec52c6e283ce177984d2e1cd2692f21b2a99fea834758d816d061
run_manifests/pd8b-dense-lam100-lr01-s44-rl160.json,1416,34ed90f05977b2db4d999f2ce3b46d68a5f96be95ccb5858e8e19c0529df223f
run_manifests/pd8b-dense-lam100-lr05-s42-rl160.json,1418,c7552625a3bd7729a1701f50fe41415f172e9e13ed296d504b2f9665fee599f9
run_manifests/pd8b-dense-lam100-lr05-s43-rl160.json,1418,bbc0b491ab3ecd13d8dec95c450c0e8ee2cad0e6cd4e62d039e3967eb6288b83
run_manifests/pd8b-dense-lam100-lr05-s44-rl160.json,1418,4bd06a641da823de03579e9d93fc03ea53ab9c466602d99ad96bbbe5292c53a9
run_manifests/pd8b-dense-lam100-lr10-s42-rl160.json,1417,9704d409a7b920d8bff6c48f3cd7559aae8f3b9eac1066520bfeca429bcbbc65
run_manifests/pd8b-dense-lam100-lr10-s43-rl160.json,1417,4e4a018395d5148a7a7ac79a0731ad8d12f437453a13d1d32068e9788204f948
run_manifests/pd8b-dense-lam100-lr10-s44-rl160.json,1417,9969ca18cbcc1f8689dd83f3283d93fc549ceb564ca838c3fd10b45738e8fc1e
run_manifests/pd8b-dense-lam100-lr20-s42-rl160.json,1418,e2dd76ba0923a13f9d3e81b09795ff67d8af11843bd7113ba0d12860c1bb46ac
run_manifests/pd8b-dense-lam100-lr20-s43-rl160.json,1418,8490f82ff1674c9e5926da2c120d825b35542c88684ce472084827abb9c224c9
run_manifests/pd8b-dense-lam100-lr20-s44-rl160.json,1418,1d3ff07d570423a23774a9c1400142c6e681369ce9227022670665582b970916
run_manifests/pd8b-top040-lam010-lr01-s42-rl160.json,1420,e7cfb616796b2286d86f7c79378ca2ade1f8e8e2449eac74947920dea738b9e6
run_manifests/pd8b-top040-lam010-lr01-s43-rl160.json,1420,6b343b012023aa08d21bac37fc3f34a721e3c26854439548a243e762bec0a239
run_manifests/pd8b-top040-lam010-lr01-s44-rl160.json,1420,271e2861d97503c0e59aea5955836e89aecf1de5043131c2f0a976650ab86083
run_manifests/pd8b-top040-lam010-lr05-s42-rl160.json,1422,934a2ce5ff95a03ca2e8c1c97477886f7ee6c2e5c0ef0aa82650b2551c002ca0
run_manifests/pd8b-top040-lam010-lr05-s43-rl160.json,1422,3b9a28d27857174268dd7023b6aff6f99fb39eb3436d37a2f2f9ac904fb32395
run_manifests/pd8b-top040-lam010-lr05-s44-rl160.json,1422,2039a44ff4b1e4bca96c912fb6162a3ef00813015d9ad5ca88c3a414736b7f59
run_manifests/pd8b-top040-lam010-lr10-s42-rl160.json,1421,30d468d55dd5f91b0f5550718f16803b7dca9799daf9e56ccb385625ee7632c9
run_manifests/pd8b-top040-lam010-lr10-s43-rl160.json,1421,315fde8525aec31364e878e34156ca27ac3c50161fc1a3348f99210efbf4aed8
run_manifests/pd8b-top040-lam010-lr10-s44-rl160.json,1421,3eb2fb4270dac4d86a2a957da93f59220bc699afdfe3379def44743ee2a5ac26
run_manifests/pd8b-top040-lam010-lr20-s42-rl160.json,1422,5d9e266151ed82c075970ddb8df21bc5a1ec5cf55f3a3f1b1d91dced421cba59
run_manifests/pd8b-top040-lam010-lr20-s43-rl160.json,1422,c994bfda8a782d75dca7b9ad140e829349964ee0b4e06468fa9f162a2a3b814c
run_manifests/pd8b-top040-lam010-lr20-s44-rl160.json,1422,5e4604963b1f07b602ed6214cce93e999c43072a059f659fbcf6d011cf721bb5
run_manifests/pd8b-top040-lam100-lr01-s42-rl160.json,1420,ccd15b6d61a1a23a67369095c5317e440d362e6ea28adccb6514ccca5f2c0471
run_manifests/pd8b-top040-lam100-lr01-s43-rl160.json,1420,5c82a57062cf8a8328565d4f281ed3f7b7d1c249b319841694e44f6efc7c4acf
run_manifests/pd8b-top040-lam100-lr01-s44-rl160.json,1420,d20dc43cdbf91f304c6caecd22ba3fae0617d9be440e030638427d8c9e389bab
run_manifests/pd8b-top040-lam100-lr05-s42-rl160.json,1422,d9039c763697350466ff0f803e51a94b8cad4b94768e0c15b3d9bb300165e25d
run_manifests/pd8b-top040-lam100-lr05-s43-rl160.json,1422,a15fe3e4430867dc3e67f4df8d87b695059af15c7dd520e76177cdb60e5b0485
run_manifests/pd8b-top040-lam100-lr05-s44-rl160.json,1422,332a81022e6d86058c5bb5c855ff91d15be7019b948e5ab699f82e0c882185ac
run_manifests/pd8b-top040-lam100-lr10-s42-rl160.json,1421,385a37a9beac86f6f684c10d1a5ed281a6745a0d90c4cc9dc8925ab2c570f909
run_manifests/pd8b-top040-lam100-lr10-s43-rl160.json,1421,3bcb4db30637cf1a22ad73565a6d851a2e78816d62a532d1ba8da110727b3a52
run_manifests/pd8b-top040-lam100-lr10-s44-rl160.json,1421,c9eb974f286412722f5e54b861d495e5ad7f708edc2e26aaecc85a6ece63ca08
run_manifests/pd8b-top040-lam100-lr20-s42-rl160.json,1422,b596096c5bda5a75dd4b270aca4fb16398ad1b26efc481168374f5a4f23aca71
run_manifests/pd8b-top040-lam100-lr20-s43-rl160.json,1422,50101a7abfeabbf58536be1b9803765c52b1ea28ccd7041fda841d96487fff23
run_manifests/pd8b-top040-lam100-lr20-s44-rl160.json,1422,a5faf5d0bee71480b604b25fd05a7c0897d4a285129dc39bfe73b7ae7ab74f6c
run_manifests/pdllama8b-dense-s42-rl160.json,1409,72168716191ee7eef3737f746779514bfc5d43bed2814b430e99d016663df929
run_manifests/pdllama8b-dense-s43-rl160.json,1409,a0d4c9855a578dce19f523252f87badccc7089e9d5f1dc7405032068f6db0ae7
run_manifests/pdllama8b-dense-s44-rl160.json,1409,f53f7bb8032c188d5f5543dd565a032023f16479637ca881b634d7ac98cde4f5
run_manifests/pdllama8b-recipe-s42-rl160.json,1416,0a46c91cf95eb01a0c80723d58ef5478543e75c5b314f7a280eb60ed4050ec64
run_manifests/pdllama8b-recipe-s43-rl160.json,1416,a4ceefad002ee15dd10418593889bb04e88dae7adac644e64890cf2ba833fb3a
run_manifests/pdllama8b-recipe-s44-rl160.json,1416,67b0edc3ed774f5d6915a5fdd0c7f4630da57154002da22183aa7b1c4d415857
