run_id,model,rl_step,filename,reported_sha256,size_bytes,header_bytes,payload_bytes,tensor_count,logical_coordinate_count,selected_coordinate_count,eligible_density,modelwide_realized_nonzero_ratio,logical_mask_dtype,physical_storage_dtype,physical_encoding,flatten_order,padding_bit_count,padding_bits_zero,explicit_int64_indices_stored,derived_index_coverage,reported_tensor_name_list_sha256,reported_generator_script_sha256
pd8b-top040-lam100-lr01-s42-rl160,Qwen3-8B,40,/volume/posttrain/users/lsk/nvc-repo/sgd_rlvr_reproduce/checkpoints/paperD_rl160/pd8b-top040-lam100-lr01-s42-rl160/masks/mask_rlstep040.safetensors,6fe40f3185a692769226ce9e63f964a11c161106830ca4ca609ac26f8bc4bbf3,868259840,38912,868220928,252,6945767424,2778306876,0.399999987,0.393000000,bool,uint8,bitpacked_lsb0,C,0,True,False,1.000,4dc6ef27123cbd489258a826d14458f53f077c8ce77f8a2961e1c4fa54a74f16,53fa2c00df6f60c3196ca673a780792f9810603c78d580b19b38102228a207fc
pd8b-top040-lam100-lr01-s42-rl160,Qwen3-8B,80,/volume/posttrain/users/lsk/nvc-repo/sgd_rlvr_reproduce/checkpoints/paperD_rl160/pd8b-top040-lam100-lr01-s42-rl160/masks/mask_rlstep080.safetensors,9ac4d8cb1af1038ea8319dc37fbb1dc13f9a5632515d5e2383e4ec0e0deb2103,868259840,38912,868220928,252,6945767424,2778306876,0.399999987,0.393000000,bool,uint8,bitpacked_lsb0,C,0,True,False,1.000,4dc6ef27123cbd489258a826d14458f53f077c8ce77f8a2961e1c4fa54a74f16,53fa2c00df6f60c3196ca673a780792f9810603c78d580b19b38102228a207fc
pd8b-top040-lam100-lr01-s42-rl160,Qwen3-8B,120,/volume/posttrain/users/lsk/nvc-repo/sgd_rlvr_reproduce/checkpoints/paperD_rl160/pd8b-top040-lam100-lr01-s42-rl160/masks/mask_rlstep120.safetensors,8da84d0e01639223247ec28881e25367c947a08ce776d979d913332dc52a920a,868259840,38912,868220928,252,6945767424,2778306876,0.399999987,0.393000000,bool,uint8,bitpacked_lsb0,C,0,True,False,1.000,4dc6ef27123cbd489258a826d14458f53f077c8ce77f8a2961e1c4fa54a74f16,53fa2c00df6f60c3196ca673a780792f9810603c78d580b19b38102228a207fc
pd8b-top040-lam100-lr01-s42-rl160,Qwen3-8B,160,/volume/posttrain/users/lsk/nvc-repo/sgd_rlvr_reproduce/checkpoints/paperD_rl160/pd8b-top040-lam100-lr01-s42-rl160/masks/mask_rlstep160.safetensors,1342ced6ff4c3fa2c8b88ce18f5d01e7e9af82312cbbb2d34b6b667b57863083,868259840,38912,868220928,252,6945767424,2778306876,0.399999987,0.393000000,bool,uint8,bitpacked_lsb0,C,0,True,False,1.000,4dc6ef27123cbd489258a826d14458f53f077c8ce77f8a2961e1c4fa54a74f16,53fa2c00df6f60c3196ca673a780792f9810603c78d580b19b38102228a207fc
pd8b-top040-lam100-lr01-s43-rl160,Qwen3-8B,40,/volume/posttrain/users/lsk/nvc-repo/sgd_rlvr_reproduce/checkpoints/paperD_rl160/pd8b-top040-lam100-lr01-s43-rl160/masks/mask_rlstep040.safetensors,43cf4cba71216084063999a2e4eb942d4628a4bf1ebc9637d5f82a48f45a5e01,868259840,38912,868220928,252,6945767424,2778306876,0.399999987,0.393000000,bool,uint8,bitpacked_lsb0,C,0,True,False,1.000,4dc6ef27123cbd489258a826d14458f53f077c8ce77f8a2961e1c4fa54a74f16,53fa2c00df6f60c3196ca673a780792f9810603c78d580b19b38102228a207fc
pd8b-top040-lam100-lr01-s43-rl160,Qwen3-8B,80,/volume/posttrain/users/lsk/nvc-repo/sgd_rlvr_reproduce/checkpoints/paperD_rl160/pd8b-top040-lam100-lr01-s43-rl160/masks/mask_rlstep080.safetensors,ce07ce023f4498cf5b81f7a8b0ad1f99590c09def68f1b5253692727a508fc5e,868259840,38912,868220928,252,6945767424,2778306876,0.399999987,0.393000000,bool,uint8,bitpacked_lsb0,C,0,True,False,1.000,4dc6ef27123cbd489258a826d14458f53f077c8ce77f8a2961e1c4fa54a74f16,53fa2c00df6f60c3196ca673a780792f9810603c78d580b19b38102228a207fc
pd8b-top040-lam100-lr01-s43-rl160,Qwen3-8B,120,/volume/posttrain/users/lsk/nvc-repo/sgd_rlvr_reproduce/checkpoints/paperD_rl160/pd8b-top040-lam100-lr01-s43-rl160/masks/mask_rlstep120.safetensors,04abe44c502e8afc5075ff41aa46a08ef99adcd16e2261baa18103eb5b05db7f,868259840,38912,868220928,252,6945767424,2778306876,0.399999987,0.393000000,bool,uint8,bitpacked_lsb0,C,0,True,False,1.000,4dc6ef27123cbd489258a826d14458f53f077c8ce77f8a2961e1c4fa54a74f16,53fa2c00df6f60c3196ca673a780792f9810603c78d580b19b38102228a207fc
pd8b-top040-lam100-lr01-s43-rl160,Qwen3-8B,160,/volume/posttrain/users/lsk/nvc-repo/sgd_rlvr_reproduce/checkpoints/paperD_rl160/pd8b-top040-lam100-lr01-s43-rl160/masks/mask_rlstep160.safetensors,845828821422d5b4ec0b1cae179063072bf226091710853c38efcc6a9c5d24ef,868259840,38912,868220928,252,6945767424,2778306876,0.399999987,0.393000000,bool,uint8,bitpacked_lsb0,C,0,True,False,1.000,4dc6ef27123cbd489258a826d14458f53f077c8ce77f8a2961e1c4fa54a74f16,53fa2c00df6f60c3196ca673a780792f9810603c78d580b19b38102228a207fc
pd8b-top040-lam100-lr01-s44-rl160,Qwen3-8B,40,/volume/posttrain/users/lsk/nvc-repo/sgd_rlvr_reproduce/checkpoints/paperD_rl160/pd8b-top040-lam100-lr01-s44-rl160/masks/mask_rlstep040.safetensors,ea077901d2b82face6ad10719360446e838661cdd30e66d06843d45cee6a5b79,868259840,38912,868220928,252,6945767424,2778306876,0.399999987,0.393000000,bool,uint8,bitpacked_lsb0,C,0,True,False,1.000,4dc6ef27123cbd489258a826d14458f53f077c8ce77f8a2961e1c4fa54a74f16,53fa2c00df6f60c3196ca673a780792f9810603c78d580b19b38102228a207fc
pd8b-top040-lam100-lr01-s44-rl160,Qwen3-8B,80,/volume/posttrain/users/lsk/nvc-repo/sgd_rlvr_reproduce/checkpoints/paperD_rl160/pd8b-top040-lam100-lr01-s44-rl160/masks/mask_rlstep080.safetensors,1b0356520b067b560b3ce991bbe218b322899054549cdcf6faac01f515aa41d8,868259840,38912,868220928,252,6945767424,2778306876,0.399999987,0.393000000,bool,uint8,bitpacked_lsb0,C,0,True,False,1.000,4dc6ef27123cbd489258a826d14458f53f077c8ce77f8a2961e1c4fa54a74f16,53fa2c00df6f60c3196ca673a780792f9810603c78d580b19b38102228a207fc
pd8b-top040-lam100-lr01-s44-rl160,Qwen3-8B,120,/volume/posttrain/users/lsk/nvc-repo/sgd_rlvr_reproduce/checkpoints/paperD_rl160/pd8b-top040-lam100-lr01-s44-rl160/masks/mask_rlstep120.safetensors,9c5db0a2c85c5e662db49eb8443f081eaf98052b64562e6fc97fa16c2fa76802,868259840,38912,868220928,252,6945767424,2778306876,0.399999987,0.393000000,bool,uint8,bitpacked_lsb0,C,0,True,False,1.000,4dc6ef27123cbd489258a826d14458f53f077c8ce77f8a2961e1c4fa54a74f16,53fa2c00df6f60c3196ca673a780792f9810603c78d580b19b38102228a207fc
pd8b-top040-lam100-lr01-s44-rl160,Qwen3-8B,160,/volume/posttrain/users/lsk/nvc-repo/sgd_rlvr_reproduce/checkpoints/paperD_rl160/pd8b-top040-lam100-lr01-s44-rl160/masks/mask_rlstep160.safetensors,42809bd8ee618ff44278cccff7e307aa8b219685dbb89bb8353aab77de06a6e5,868259840,38912,868220928,252,6945767424,2778306876,0.399999987,0.393000000,bool,uint8,bitpacked_lsb0,C,0,True,False,1.000,4dc6ef27123cbd489258a826d14458f53f077c8ce77f8a2961e1c4fa54a74f16,53fa2c00df6f60c3196ca673a780792f9810603c78d580b19b38102228a207fc
pd8b-top040-lam100-lr05-s42-rl160,Qwen3-8B,40,/volume/posttrain/users/lsk/nvc-repo/sgd_rlvr_reproduce/checkpoints/paperD_rl160/pd8b-top040-lam100-lr05-s42-rl160/masks/mask_rlstep040.safetensors,7dc4f3664374d1c61480cac2a2c00bad63f32c276fcd10a23ef1f5a4f8f16b0d,868259840,38912,868220928,252,6945767424,2778306876,0.399999987,0.393000000,bool,uint8,bitpacked_lsb0,C,0,True,False,1.000,4dc6ef27123cbd489258a826d14458f53f077c8ce77f8a2961e1c4fa54a74f16,53fa2c00df6f60c3196ca673a780792f9810603c78d580b19b38102228a207fc
pd8b-top040-lam100-lr05-s42-rl160,Qwen3-8B,80,/volume/posttrain/users/lsk/nvc-repo/sgd_rlvr_reproduce/checkpoints/paperD_rl160/pd8b-top040-lam100-lr05-s42-rl160/masks/mask_rlstep080.safetensors,3d05297c6110a1056d8cdd5c88c4b3fa759e977d5e85e93a7578b778e2e3cadd,868259840,38912,868220928,252,6945767424,2778306876,0.399999987,0.393000000,bool,uint8,bitpacked_lsb0,C,0,True,False,1.000,4dc6ef27123cbd489258a826d14458f53f077c8ce77f8a2961e1c4fa54a74f16,53fa2c00df6f60c3196ca673a780792f9810603c78d580b19b38102228a207fc
pd8b-top040-lam100-lr05-s42-rl160,Qwen3-8B,120,/volume/posttrain/users/lsk/nvc-repo/sgd_rlvr_reproduce/checkpoints/paperD_rl160/pd8b-top040-lam100-lr05-s42-rl160/masks/mask_rlstep120.safetensors,c291afff0e20df7e3352baffd09a885fe2b48dbd2405922fbfaea94ff79c633f,868259840,38912,868220928,252,6945767424,2778306876,0.399999987,0.393000000,bool,uint8,bitpacked_lsb0,C,0,True,False,1.000,4dc6ef27123cbd489258a826d14458f53f077c8ce77f8a2961e1c4fa54a74f16,53fa2c00df6f60c3196ca673a780792f9810603c78d580b19b38102228a207fc
pd8b-top040-lam100-lr05-s42-rl160,Qwen3-8B,160,/volume/posttrain/users/lsk/nvc-repo/sgd_rlvr_reproduce/checkpoints/paperD_rl160/pd8b-top040-lam100-lr05-s42-rl160/masks/mask_rlstep160.safetensors,fa31571bfca737854ed42527272f7d86af6e814ee6b2548b2c72b350a03c0f1c,868259840,38912,868220928,252,6945767424,2778306876,0.399999987,0.393000000,bool,uint8,bitpacked_lsb0,C,0,True,False,1.000,4dc6ef27123cbd489258a826d14458f53f077c8ce77f8a2961e1c4fa54a74f16,53fa2c00df6f60c3196ca673a780792f9810603c78d580b19b38102228a207fc
pd8b-top040-lam100-lr05-s43-rl160,Qwen3-8B,40,/volume/posttrain/users/lsk/nvc-repo/sgd_rlvr_reproduce/checkpoints/paperD_rl160/pd8b-top040-lam100-lr05-s43-rl160/masks/mask_rlstep040.safetensors,acba0e7081b830835195cbe5a5c514ab89a3f7b5a5615d30f4f3a1618a2bce62,868259840,38912,868220928,252,6945767424,2778306876,0.399999987,0.393000000,bool,uint8,bitpacked_lsb0,C,0,True,False,1.000,4dc6ef27123cbd489258a826d14458f53f077c8ce77f8a2961e1c4fa54a74f16,53fa2c00df6f60c3196ca673a780792f9810603c78d580b19b38102228a207fc
pd8b-top040-lam100-lr05-s43-rl160,Qwen3-8B,80,/volume/posttrain/users/lsk/nvc-repo/sgd_rlvr_reproduce/checkpoints/paperD_rl160/pd8b-top040-lam100-lr05-s43-rl160/masks/mask_rlstep080.safetensors,ed6664b4874977a4405647939507064e1ff00b2871de9861edf9e5850e0d680f,868259840,38912,868220928,252,6945767424,2778306876,0.399999987,0.393000000,bool,uint8,bitpacked_lsb0,C,0,True,False,1.000,4dc6ef27123cbd489258a826d14458f53f077c8ce77f8a2961e1c4fa54a74f16,53fa2c00df6f60c3196ca673a780792f9810603c78d580b19b38102228a207fc
pd8b-top040-lam100-lr05-s43-rl160,Qwen3-8B,120,/volume/posttrain/users/lsk/nvc-repo/sgd_rlvr_reproduce/checkpoints/paperD_rl160/pd8b-top040-lam100-lr05-s43-rl160/masks/mask_rlstep120.safetensors,a937dc417fb2201e368d53447b5bb4d511b56a0868171e7ad90ca1644c8ea6b1,868259840,38912,868220928,252,6945767424,2778306876,0.399999987,0.393000000,bool,uint8,bitpacked_lsb0,C,0,True,False,1.000,4dc6ef27123cbd489258a826d14458f53f077c8ce77f8a2961e1c4fa54a74f16,53fa2c00df6f60c3196ca673a780792f9810603c78d580b19b38102228a207fc
pd8b-top040-lam100-lr05-s43-rl160,Qwen3-8B,160,/volume/posttrain/users/lsk/nvc-repo/sgd_rlvr_reproduce/checkpoints/paperD_rl160/pd8b-top040-lam100-lr05-s43-rl160/masks/mask_rlstep160.safetensors,9ed068fcdb165859cebed4af5c30b6a2a9cb29ca82f14a040267750c7f28130a,868259840,38912,868220928,252,6945767424,2778306876,0.399999987,0.393000000,bool,uint8,bitpacked_lsb0,C,0,True,False,1.000,4dc6ef27123cbd489258a826d14458f53f077c8ce77f8a2961e1c4fa54a74f16,53fa2c00df6f60c3196ca673a780792f9810603c78d580b19b38102228a207fc
pd8b-top040-lam100-lr05-s44-rl160,Qwen3-8B,40,/volume/posttrain/users/lsk/nvc-repo/sgd_rlvr_reproduce/checkpoints/paperD_rl160/pd8b-top040-lam100-lr05-s44-rl160/masks/mask_rlstep040.safetensors,bbc22a7ed0d62511e519f37dc7c33db72b7c1982acb3eb369175136bdeed4de5,868259840,38912,868220928,252,6945767424,2778306876,0.399999987,0.393000000,bool,uint8,bitpacked_lsb0,C,0,True,False,1.000,4dc6ef27123cbd489258a826d14458f53f077c8ce77f8a2961e1c4fa54a74f16,53fa2c00df6f60c3196ca673a780792f9810603c78d580b19b38102228a207fc
pd8b-top040-lam100-lr05-s44-rl160,Qwen3-8B,80,/volume/posttrain/users/lsk/nvc-repo/sgd_rlvr_reproduce/checkpoints/paperD_rl160/pd8b-top040-lam100-lr05-s44-rl160/masks/mask_rlstep080.safetensors,9d0116e15f6053f223435c280f44ecb130112c08d99c9e3ad96927c7b913b5bf,868259840,38912,868220928,252,6945767424,2778306876,0.399999987,0.393000000,bool,uint8,bitpacked_lsb0,C,0,True,False,1.000,4dc6ef27123cbd489258a826d14458f53f077c8ce77f8a2961e1c4fa54a74f16,53fa2c00df6f60c3196ca673a780792f9810603c78d580b19b38102228a207fc
pd8b-top040-lam100-lr05-s44-rl160,Qwen3-8B,120,/volume/posttrain/users/lsk/nvc-repo/sgd_rlvr_reproduce/checkpoints/paperD_rl160/pd8b-top040-lam100-lr05-s44-rl160/masks/mask_rlstep120.safetensors,3a57b6255752bb37c8ede7faefaa0cfe344f0350d1eafbaf97cdf4fda8a32783,868259840,38912,868220928,252,6945767424,2778306876,0.399999987,0.393000000,bool,uint8,bitpacked_lsb0,C,0,True,False,1.000,4dc6ef27123cbd489258a826d14458f53f077c8ce77f8a2961e1c4fa54a74f16,53fa2c00df6f60c3196ca673a780792f9810603c78d580b19b38102228a207fc
pd8b-top040-lam100-lr05-s44-rl160,Qwen3-8B,160,/volume/posttrain/users/lsk/nvc-repo/sgd_rlvr_reproduce/checkpoints/paperD_rl160/pd8b-top040-lam100-lr05-s44-rl160/masks/mask_rlstep160.safetensors,89adf21c9459ba57f56c382131c9a4eb34adc941fd25da83863d94a251d8f445,868259840,38912,868220928,252,6945767424,2778306876,0.399999987,0.393000000,bool,uint8,bitpacked_lsb0,C,0,True,False,1.000,4dc6ef27123cbd489258a826d14458f53f077c8ce77f8a2961e1c4fa54a74f16,53fa2c00df6f60c3196ca673a780792f9810603c78d580b19b38102228a207fc
pd8b-top040-lam100-lr10-s42-rl160,Qwen3-8B,40,/volume/posttrain/users/lsk/nvc-repo/sgd_rlvr_reproduce/checkpoints/paperD_rl160/pd8b-top040-lam100-lr10-s42-rl160/masks/mask_rlstep040.safetensors,7475f54ae9b8e7172f6c7cd667a262fe0d481b35275e917e920960197df0ca37,868259840,38912,868220928,252,6945767424,2778306876,0.399999987,0.393000000,bool,uint8,bitpacked_lsb0,C,0,True,False,1.000,4dc6ef27123cbd489258a826d14458f53f077c8ce77f8a2961e1c4fa54a74f16,53fa2c00df6f60c3196ca673a780792f9810603c78d580b19b38102228a207fc
pd8b-top040-lam100-lr10-s42-rl160,Qwen3-8B,80,/volume/posttrain/users/lsk/nvc-repo/sgd_rlvr_reproduce/checkpoints/paperD_rl160/pd8b-top040-lam100-lr10-s42-rl160/masks/mask_rlstep080.safetensors,7473cd88ef715523ce6da8bdba1ecedf965c1a8bb5ae0496e99a379eed6a60ae,868259840,38912,868220928,252,6945767424,2778306876,0.399999987,0.393000000,bool,uint8,bitpacked_lsb0,C,0,True,False,1.000,4dc6ef27123cbd489258a826d14458f53f077c8ce77f8a2961e1c4fa54a74f16,53fa2c00df6f60c3196ca673a780792f9810603c78d580b19b38102228a207fc
pd8b-top040-lam100-lr10-s42-rl160,Qwen3-8B,120,/volume/posttrain/users/lsk/nvc-repo/sgd_rlvr_reproduce/checkpoints/paperD_rl160/pd8b-top040-lam100-lr10-s42-rl160/masks/mask_rlstep120.safetensors,56d241b0874a607a5be39acfd7f09f7fffd51d6dfe39507e348bae7cbe5d084d,868259840,38912,868220928,252,6945767424,2778306876,0.399999987,0.393000000,bool,uint8,bitpacked_lsb0,C,0,True,False,1.000,4dc6ef27123cbd489258a826d14458f53f077c8ce77f8a2961e1c4fa54a74f16,53fa2c00df6f60c3196ca673a780792f9810603c78d580b19b38102228a207fc
pd8b-top040-lam100-lr10-s42-rl160,Qwen3-8B,160,/volume/posttrain/users/lsk/nvc-repo/sgd_rlvr_reproduce/checkpoints/paperD_rl160/pd8b-top040-lam100-lr10-s42-rl160/masks/mask_rlstep160.safetensors,bc6554bfeb9c86fd8e16f87ab102b91ab22c0037619c90a2414c73b84716c8b4,868259840,38912,868220928,252,6945767424,2778306876,0.399999987,0.393000000,bool,uint8,bitpacked_lsb0,C,0,True,False,1.000,4dc6ef27123cbd489258a826d14458f53f077c8ce77f8a2961e1c4fa54a74f16,53fa2c00df6f60c3196ca673a780792f9810603c78d580b19b38102228a207fc
pd8b-top040-lam100-lr10-s43-rl160,Qwen3-8B,40,/volume/posttrain/users/lsk/nvc-repo/sgd_rlvr_reproduce/checkpoints/paperD_rl160/pd8b-top040-lam100-lr10-s43-rl160/masks/mask_rlstep040.safetensors,747e41e0e28b66ca676b55db79e21052795cf66d9c11381f80b8bf4f26e34c67,868259840,38912,868220928,252,6945767424,2778306876,0.399999987,0.393000000,bool,uint8,bitpacked_lsb0,C,0,True,False,1.000,4dc6ef27123cbd489258a826d14458f53f077c8ce77f8a2961e1c4fa54a74f16,53fa2c00df6f60c3196ca673a780792f9810603c78d580b19b38102228a207fc
pd8b-top040-lam100-lr10-s43-rl160,Qwen3-8B,80,/volume/posttrain/users/lsk/nvc-repo/sgd_rlvr_reproduce/checkpoints/paperD_rl160/pd8b-top040-lam100-lr10-s43-rl160/masks/mask_rlstep080.safetensors,2e55ca33236f29e243a4777dd0c0538b91824b82f419bf867f310a67daf784e1,868259840,38912,868220928,252,6945767424,2778306876,0.399999987,0.393000000,bool,uint8,bitpacked_lsb0,C,0,True,False,1.000,4dc6ef27123cbd489258a826d14458f53f077c8ce77f8a2961e1c4fa54a74f16,53fa2c00df6f60c3196ca673a780792f9810603c78d580b19b38102228a207fc
pd8b-top040-lam100-lr10-s43-rl160,Qwen3-8B,120,/volume/posttrain/users/lsk/nvc-repo/sgd_rlvr_reproduce/checkpoints/paperD_rl160/pd8b-top040-lam100-lr10-s43-rl160/masks/mask_rlstep120.safetensors,079b0ff34dbded5a6555f9afcc0d31357dce991edc108a7db7946181fc352e6d,868259840,38912,868220928,252,6945767424,2778306876,0.399999987,0.393000000,bool,uint8,bitpacked_lsb0,C,0,True,False,1.000,4dc6ef27123cbd489258a826d14458f53f077c8ce77f8a2961e1c4fa54a74f16,53fa2c00df6f60c3196ca673a780792f9810603c78d580b19b38102228a207fc
pd8b-top040-lam100-lr10-s43-rl160,Qwen3-8B,160,/volume/posttrain/users/lsk/nvc-repo/sgd_rlvr_reproduce/checkpoints/paperD_rl160/pd8b-top040-lam100-lr10-s43-rl160/masks/mask_rlstep160.safetensors,16850fcc712aca01f763b84e0e97aa49a0f4897d617ce2ff3d9aa8efd3fd990c,868259840,38912,868220928,252,6945767424,2778306876,0.399999987,0.393000000,bool,uint8,bitpacked_lsb0,C,0,True,False,1.000,4dc6ef27123cbd489258a826d14458f53f077c8ce77f8a2961e1c4fa54a74f16,53fa2c00df6f60c3196ca673a780792f9810603c78d580b19b38102228a207fc
pd8b-top040-lam100-lr10-s44-rl160,Qwen3-8B,40,/volume/posttrain/users/lsk/nvc-repo/sgd_rlvr_reproduce/checkpoints/paperD_rl160/pd8b-top040-lam100-lr10-s44-rl160/masks/mask_rlstep040.safetensors,6c0c844f2334e80108b31eae82bf4296b7951a46130965a5ff223d4a54b0ff65,868259840,38912,868220928,252,6945767424,2778306876,0.399999987,0.393000000,bool,uint8,bitpacked_lsb0,C,0,True,False,1.000,4dc6ef27123cbd489258a826d14458f53f077c8ce77f8a2961e1c4fa54a74f16,53fa2c00df6f60c3196ca673a780792f9810603c78d580b19b38102228a207fc
pd8b-top040-lam100-lr10-s44-rl160,Qwen3-8B,80,/volume/posttrain/users/lsk/nvc-repo/sgd_rlvr_reproduce/checkpoints/paperD_rl160/pd8b-top040-lam100-lr10-s44-rl160/masks/mask_rlstep080.safetensors,863a7f58af5c32f5c804e83c120968d08a31ce88c675b80c55f11cecb9010797,868259840,38912,868220928,252,6945767424,2778306876,0.399999987,0.393000000,bool,uint8,bitpacked_lsb0,C,0,True,False,1.000,4dc6ef27123cbd489258a826d14458f53f077c8ce77f8a2961e1c4fa54a74f16,53fa2c00df6f60c3196ca673a780792f9810603c78d580b19b38102228a207fc
pd8b-top040-lam100-lr10-s44-rl160,Qwen3-8B,120,/volume/posttrain/users/lsk/nvc-repo/sgd_rlvr_reproduce/checkpoints/paperD_rl160/pd8b-top040-lam100-lr10-s44-rl160/masks/mask_rlstep120.safetensors,e42457b9c207becc5032236eefb3963f7caf7c03973618eb3312a50dcb52ede6,868259840,38912,868220928,252,6945767424,2778306876,0.399999987,0.393000000,bool,uint8,bitpacked_lsb0,C,0,True,False,1.000,4dc6ef27123cbd489258a826d14458f53f077c8ce77f8a2961e1c4fa54a74f16,53fa2c00df6f60c3196ca673a780792f9810603c78d580b19b38102228a207fc
pd8b-top040-lam100-lr10-s44-rl160,Qwen3-8B,160,/volume/posttrain/users/lsk/nvc-repo/sgd_rlvr_reproduce/checkpoints/paperD_rl160/pd8b-top040-lam100-lr10-s44-rl160/masks/mask_rlstep160.safetensors,522f04add7dbb5f67b664c69706d5443418b3bd3472ca6eadcd89d9cd95519b8,868259840,38912,868220928,252,6945767424,2778306876,0.399999987,0.393000000,bool,uint8,bitpacked_lsb0,C,0,True,False,1.000,4dc6ef27123cbd489258a826d14458f53f077c8ce77f8a2961e1c4fa54a74f16,53fa2c00df6f60c3196ca673a780792f9810603c78d580b19b38102228a207fc
pd8b-top040-lam100-lr20-s42-rl160,Qwen3-8B,40,/volume/posttrain/users/lsk/nvc-repo/sgd_rlvr_reproduce/checkpoints/paperD_rl160/pd8b-top040-lam100-lr20-s42-rl160/masks/mask_rlstep040.safetensors,7cda46153a432ec3bf57d20b6bef7864ca9db476d63d9113ed0f1114e81c518d,868259840,38912,868220928,252,6945767424,2778306876,0.399999987,0.393000000,bool,uint8,bitpacked_lsb0,C,0,True,False,1.000,4dc6ef27123cbd489258a826d14458f53f077c8ce77f8a2961e1c4fa54a74f16,53fa2c00df6f60c3196ca673a780792f9810603c78d580b19b38102228a207fc
pd8b-top040-lam100-lr20-s42-rl160,Qwen3-8B,80,/volume/posttrain/users/lsk/nvc-repo/sgd_rlvr_reproduce/checkpoints/paperD_rl160/pd8b-top040-lam100-lr20-s42-rl160/masks/mask_rlstep080.safetensors,1f77da3df8bc8a2b6d18a88610ed76091c274515cbd758e2367319dbc66c930d,868259840,38912,868220928,252,6945767424,2778306876,0.399999987,0.393000000,bool,uint8,bitpacked_lsb0,C,0,True,False,1.000,4dc6ef27123cbd489258a826d14458f53f077c8ce77f8a2961e1c4fa54a74f16,53fa2c00df6f60c3196ca673a780792f9810603c78d580b19b38102228a207fc
pd8b-top040-lam100-lr20-s42-rl160,Qwen3-8B,120,/volume/posttrain/users/lsk/nvc-repo/sgd_rlvr_reproduce/checkpoints/paperD_rl160/pd8b-top040-lam100-lr20-s42-rl160/masks/mask_rlstep120.safetensors,7d4e308f2cfd08eed8c3c6fdabc4a6f23773ed68f62739a0aabd77b16ef74610,868259840,38912,868220928,252,6945767424,2778306876,0.399999987,0.393000000,bool,uint8,bitpacked_lsb0,C,0,True,False,1.000,4dc6ef27123cbd489258a826d14458f53f077c8ce77f8a2961e1c4fa54a74f16,53fa2c00df6f60c3196ca673a780792f9810603c78d580b19b38102228a207fc
pd8b-top040-lam100-lr20-s42-rl160,Qwen3-8B,160,/volume/posttrain/users/lsk/nvc-repo/sgd_rlvr_reproduce/checkpoints/paperD_rl160/pd8b-top040-lam100-lr20-s42-rl160/masks/mask_rlstep160.safetensors,75b85f1f303d290f7c8a8e3913dbc2690ea76227ed89881843a0762d1a5ecc89,868259840,38912,868220928,252,6945767424,2778306876,0.399999987,0.393000000,bool,uint8,bitpacked_lsb0,C,0,True,False,1.000,4dc6ef27123cbd489258a826d14458f53f077c8ce77f8a2961e1c4fa54a74f16,53fa2c00df6f60c3196ca673a780792f9810603c78d580b19b38102228a207fc
pd8b-top040-lam100-lr20-s43-rl160,Qwen3-8B,40,/volume/posttrain/users/lsk/nvc-repo/sgd_rlvr_reproduce/checkpoints/paperD_rl160/pd8b-top040-lam100-lr20-s43-rl160/masks/mask_rlstep040.safetensors,e9c604ad7b244e24699a23085eaf032325ccb97efb1bfe3e8498e5d21f5ff8d2,868259840,38912,868220928,252,6945767424,2778306876,0.399999987,0.393000000,bool,uint8,bitpacked_lsb0,C,0,True,False,1.000,4dc6ef27123cbd489258a826d14458f53f077c8ce77f8a2961e1c4fa54a74f16,53fa2c00df6f60c3196ca673a780792f9810603c78d580b19b38102228a207fc
pd8b-top040-lam100-lr20-s43-rl160,Qwen3-8B,80,/volume/posttrain/users/lsk/nvc-repo/sgd_rlvr_reproduce/checkpoints/paperD_rl160/pd8b-top040-lam100-lr20-s43-rl160/masks/mask_rlstep080.safetensors,2540023164a3d605ec90b1a2ecbbcf09a720c82a8613d7b18194880642b2e3c1,868259840,38912,868220928,252,6945767424,2778306876,0.399999987,0.393000000,bool,uint8,bitpacked_lsb0,C,0,True,False,1.000,4dc6ef27123cbd489258a826d14458f53f077c8ce77f8a2961e1c4fa54a74f16,53fa2c00df6f60c3196ca673a780792f9810603c78d580b19b38102228a207fc
pd8b-top040-lam100-lr20-s43-rl160,Qwen3-8B,120,/volume/posttrain/users/lsk/nvc-repo/sgd_rlvr_reproduce/checkpoints/paperD_rl160/pd8b-top040-lam100-lr20-s43-rl160/masks/mask_rlstep120.safetensors,88ad15ecba56b64fb245e20062598b7bff6b09d24ec902070bc0fbd260f206fe,868259840,38912,868220928,252,6945767424,2778306876,0.399999987,0.393000000,bool,uint8,bitpacked_lsb0,C,0,True,False,1.000,4dc6ef27123cbd489258a826d14458f53f077c8ce77f8a2961e1c4fa54a74f16,53fa2c00df6f60c3196ca673a780792f9810603c78d580b19b38102228a207fc
pd8b-top040-lam100-lr20-s43-rl160,Qwen3-8B,160,/volume/posttrain/users/lsk/nvc-repo/sgd_rlvr_reproduce/checkpoints/paperD_rl160/pd8b-top040-lam100-lr20-s43-rl160/masks/mask_rlstep160.safetensors,0e00aa9c1869651476709c3fb11e40974b15f8eae70674f92d0ecb3a45ded060,868259840,38912,868220928,252,6945767424,2778306876,0.399999987,0.393000000,bool,uint8,bitpacked_lsb0,C,0,True,False,1.000,4dc6ef27123cbd489258a826d14458f53f077c8ce77f8a2961e1c4fa54a74f16,53fa2c00df6f60c3196ca673a780792f9810603c78d580b19b38102228a207fc
pd8b-top040-lam100-lr20-s44-rl160,Qwen3-8B,40,/volume/posttrain/users/lsk/nvc-repo/sgd_rlvr_reproduce/checkpoints/paperD_rl160/pd8b-top040-lam100-lr20-s44-rl160/masks/mask_rlstep040.safetensors,673dd119db5fe69f26f8101eb758051b16548e3de8dff046e30488bd9c7be85a,868259840,38912,868220928,252,6945767424,2778306876,0.399999987,0.393000000,bool,uint8,bitpacked_lsb0,C,0,True,False,1.000,4dc6ef27123cbd489258a826d14458f53f077c8ce77f8a2961e1c4fa54a74f16,53fa2c00df6f60c3196ca673a780792f9810603c78d580b19b38102228a207fc
pd8b-top040-lam100-lr20-s44-rl160,Qwen3-8B,80,/volume/posttrain/users/lsk/nvc-repo/sgd_rlvr_reproduce/checkpoints/paperD_rl160/pd8b-top040-lam100-lr20-s44-rl160/masks/mask_rlstep080.safetensors,6f6492a31fc588f7b7c3854dccf75e3bb3c9a5d5be7b7ba9b71d83f6ba5f2f3a,868259840,38912,868220928,252,6945767424,2778306876,0.399999987,0.393000000,bool,uint8,bitpacked_lsb0,C,0,True,False,1.000,4dc6ef27123cbd489258a826d14458f53f077c8ce77f8a2961e1c4fa54a74f16,53fa2c00df6f60c3196ca673a780792f9810603c78d580b19b38102228a207fc
pd8b-top040-lam100-lr20-s44-rl160,Qwen3-8B,120,/volume/posttrain/users/lsk/nvc-repo/sgd_rlvr_reproduce/checkpoints/paperD_rl160/pd8b-top040-lam100-lr20-s44-rl160/masks/mask_rlstep120.safetensors,c9df3db547542c599fcb2381a91f1e2fd2b9d62baa66a29457a51769e3e4a76a,868259840,38912,868220928,252,6945767424,2778306876,0.399999987,0.393000000,bool,uint8,bitpacked_lsb0,C,0,True,False,1.000,4dc6ef27123cbd489258a826d14458f53f077c8ce77f8a2961e1c4fa54a74f16,53fa2c00df6f60c3196ca673a780792f9810603c78d580b19b38102228a207fc
pd8b-top040-lam100-lr20-s44-rl160,Qwen3-8B,160,/volume/posttrain/users/lsk/nvc-repo/sgd_rlvr_reproduce/checkpoints/paperD_rl160/pd8b-top040-lam100-lr20-s44-rl160/masks/mask_rlstep160.safetensors,c74a4dc9588600410918e5cdd1de2b1d94c58fd71e54cbcd0a144db81ef94619,868259840,38912,868220928,252,6945767424,2778306876,0.399999987,0.393000000,bool,uint8,bitpacked_lsb0,C,0,True,False,1.000,4dc6ef27123cbd489258a826d14458f53f077c8ce77f8a2961e1c4fa54a74f16,53fa2c00df6f60c3196ca673a780792f9810603c78d580b19b38102228a207fc
pd8b-top040-lam010-lr01-s42-rl160,Qwen3-8B,40,/volume/posttrain/users/lsk/nvc-repo/sgd_rlvr_reproduce/checkpoints/paperD_rl160/pd8b-top040-lam010-lr01-s42-rl160/masks/mask_rlstep040.safetensors,229b02698cd825364973c82926f6e66b4b6707c894a6049f3f6e82122116747c,868259840,38912,868220928,252,6945767424,2778306876,0.399999987,0.393000000,bool,uint8,bitpacked_lsb0,C,0,True,False,1.000,4dc6ef27123cbd489258a826d14458f53f077c8ce77f8a2961e1c4fa54a74f16,53fa2c00df6f60c3196ca673a780792f9810603c78d580b19b38102228a207fc
pd8b-top040-lam010-lr01-s42-rl160,Qwen3-8B,80,/volume/posttrain/users/lsk/nvc-repo/sgd_rlvr_reproduce/checkpoints/paperD_rl160/pd8b-top040-lam010-lr01-s42-rl160/masks/mask_rlstep080.safetensors,6b49228de92395918f716ca97526df07da4d8ccb1bf51387bc4b410028df75ee,868259840,38912,868220928,252,6945767424,2778306876,0.399999987,0.393000000,bool,uint8,bitpacked_lsb0,C,0,True,False,1.000,4dc6ef27123cbd489258a826d14458f53f077c8ce77f8a2961e1c4fa54a74f16,53fa2c00df6f60c3196ca673a780792f9810603c78d580b19b38102228a207fc
pd8b-top040-lam010-lr01-s42-rl160,Qwen3-8B,120,/volume/posttrain/users/lsk/nvc-repo/sgd_rlvr_reproduce/checkpoints/paperD_rl160/pd8b-top040-lam010-lr01-s42-rl160/masks/mask_rlstep120.safetensors,8383ac27f771bcfc5a9bc59227fb6bdbe0fc57506fc985948a6437847b60303a,868259840,38912,868220928,252,6945767424,2778306876,0.399999987,0.393000000,bool,uint8,bitpacked_lsb0,C,0,True,False,1.000,4dc6ef27123cbd489258a826d14458f53f077c8ce77f8a2961e1c4fa54a74f16,53fa2c00df6f60c3196ca673a780792f9810603c78d580b19b38102228a207fc
pd8b-top040-lam010-lr01-s42-rl160,Qwen3-8B,160,/volume/posttrain/users/lsk/nvc-repo/sgd_rlvr_reproduce/checkpoints/paperD_rl160/pd8b-top040-lam010-lr01-s42-rl160/masks/mask_rlstep160.safetensors,c068cbb9db811506ec469eb51dbf1bccf63e502928aa26d787c02a7e5ba5eaa2,868259840,38912,868220928,252,6945767424,2778306876,0.399999987,0.393000000,bool,uint8,bitpacked_lsb0,C,0,True,False,1.000,4dc6ef27123cbd489258a826d14458f53f077c8ce77f8a2961e1c4fa54a74f16,53fa2c00df6f60c3196ca673a780792f9810603c78d580b19b38102228a207fc
pd8b-top040-lam010-lr01-s43-rl160,Qwen3-8B,40,/volume/posttrain/users/lsk/nvc-repo/sgd_rlvr_reproduce/checkpoints/paperD_rl160/pd8b-top040-lam010-lr01-s43-rl160/masks/mask_rlstep040.safetensors,5d8d3ad7717434af8ab7c3115fa974596304b5f046e48c58fdcbe905f7d0a87c,868259840,38912,868220928,252,6945767424,2778306876,0.399999987,0.393000000,bool,uint8,bitpacked_lsb0,C,0,True,False,1.000,4dc6ef27123cbd489258a826d14458f53f077c8ce77f8a2961e1c4fa54a74f16,53fa2c00df6f60c3196ca673a780792f9810603c78d580b19b38102228a207fc
pd8b-top040-lam010-lr01-s43-rl160,Qwen3-8B,80,/volume/posttrain/users/lsk/nvc-repo/sgd_rlvr_reproduce/checkpoints/paperD_rl160/pd8b-top040-lam010-lr01-s43-rl160/masks/mask_rlstep080.safetensors,5096fdb171fbe3dc9acbcf0270fcef958782abf3589861b6d62502d10c9a3025,868259840,38912,868220928,252,6945767424,2778306876,0.399999987,0.393000000,bool,uint8,bitpacked_lsb0,C,0,True,False,1.000,4dc6ef27123cbd489258a826d14458f53f077c8ce77f8a2961e1c4fa54a74f16,53fa2c00df6f60c3196ca673a780792f9810603c78d580b19b38102228a207fc
pd8b-top040-lam010-lr01-s43-rl160,Qwen3-8B,120,/volume/posttrain/users/lsk/nvc-repo/sgd_rlvr_reproduce/checkpoints/paperD_rl160/pd8b-top040-lam010-lr01-s43-rl160/masks/mask_rlstep120.safetensors,4c01e9d53260f7e846eaa259599d371b3959d9d92a9c17413685567a76fbb737,868259840,38912,868220928,252,6945767424,2778306876,0.399999987,0.393000000,bool,uint8,bitpacked_lsb0,C,0,True,False,1.000,4dc6ef27123cbd489258a826d14458f53f077c8ce77f8a2961e1c4fa54a74f16,53fa2c00df6f60c3196ca673a780792f9810603c78d580b19b38102228a207fc
pd8b-top040-lam010-lr01-s43-rl160,Qwen3-8B,160,/volume/posttrain/users/lsk/nvc-repo/sgd_rlvr_reproduce/checkpoints/paperD_rl160/pd8b-top040-lam010-lr01-s43-rl160/masks/mask_rlstep160.safetensors,455cf7dc5aa9f19ef6f810ef45a410ee4f774e2ce24f7243ac1118d2448a7d77,868259840,38912,868220928,252,6945767424,2778306876,0.399999987,0.393000000,bool,uint8,bitpacked_lsb0,C,0,True,False,1.000,4dc6ef27123cbd489258a826d14458f53f077c8ce77f8a2961e1c4fa54a74f16,53fa2c00df6f60c3196ca673a780792f9810603c78d580b19b38102228a207fc
pd8b-top040-lam010-lr01-s44-rl160,Qwen3-8B,40,/volume/posttrain/users/lsk/nvc-repo/sgd_rlvr_reproduce/checkpoints/paperD_rl160/pd8b-top040-lam010-lr01-s44-rl160/masks/mask_rlstep040.safetensors,9dbd3f462c005159d5a2ce28d3ef8696f648a57159d2c2fb8c72ffca2df381f5,868259840,38912,868220928,252,6945767424,2778306876,0.399999987,0.393000000,bool,uint8,bitpacked_lsb0,C,0,True,False,1.000,4dc6ef27123cbd489258a826d14458f53f077c8ce77f8a2961e1c4fa54a74f16,53fa2c00df6f60c3196ca673a780792f9810603c78d580b19b38102228a207fc
pd8b-top040-lam010-lr01-s44-rl160,Qwen3-8B,80,/volume/posttrain/users/lsk/nvc-repo/sgd_rlvr_reproduce/checkpoints/paperD_rl160/pd8b-top040-lam010-lr01-s44-rl160/masks/mask_rlstep080.safetensors,bea711f1247ead2811d74028a2dbf5bbd8689cc5a5be46be9d49ea2538fdee35,868259840,38912,868220928,252,6945767424,2778306876,0.399999987,0.393000000,bool,uint8,bitpacked_lsb0,C,0,True,False,1.000,4dc6ef27123cbd489258a826d14458f53f077c8ce77f8a2961e1c4fa54a74f16,53fa2c00df6f60c3196ca673a780792f9810603c78d580b19b38102228a207fc
pd8b-top040-lam010-lr01-s44-rl160,Qwen3-8B,120,/volume/posttrain/users/lsk/nvc-repo/sgd_rlvr_reproduce/checkpoints/paperD_rl160/pd8b-top040-lam010-lr01-s44-rl160/masks/mask_rlstep120.safetensors,ece309315df95d8fc6e4c553a1b711c3f38c5ba9e4c1b8a3a46d65f48603af93,868259840,38912,868220928,252,6945767424,2778306876,0.399999987,0.393000000,bool,uint8,bitpacked_lsb0,C,0,True,False,1.000,4dc6ef27123cbd489258a826d14458f53f077c8ce77f8a2961e1c4fa54a74f16,53fa2c00df6f60c3196ca673a780792f9810603c78d580b19b38102228a207fc
pd8b-top040-lam010-lr01-s44-rl160,Qwen3-8B,160,/volume/posttrain/users/lsk/nvc-repo/sgd_rlvr_reproduce/checkpoints/paperD_rl160/pd8b-top040-lam010-lr01-s44-rl160/masks/mask_rlstep160.safetensors,9b5ca54c16b8b3d10a49bb6a54f4f0ece3b9cd8449c8a19bdf3d095640cf192d,868259840,38912,868220928,252,6945767424,2778306876,0.399999987,0.393000000,bool,uint8,bitpacked_lsb0,C,0,True,False,1.000,4dc6ef27123cbd489258a826d14458f53f077c8ce77f8a2961e1c4fa54a74f16,53fa2c00df6f60c3196ca673a780792f9810603c78d580b19b38102228a207fc
pd8b-top040-lam010-lr05-s42-rl160,Qwen3-8B,40,/volume/posttrain/users/lsk/nvc-repo/sgd_rlvr_reproduce/checkpoints/paperD_rl160/pd8b-top040-lam010-lr05-s42-rl160/masks/mask_rlstep040.safetensors,ca5563418efaf19a902f4774647f8963d8ebafbf9f551900c7867fc151c23f40,868259840,38912,868220928,252,6945767424,2778306876,0.399999987,0.393000000,bool,uint8,bitpacked_lsb0,C,0,True,False,1.000,4dc6ef27123cbd489258a826d14458f53f077c8ce77f8a2961e1c4fa54a74f16,53fa2c00df6f60c3196ca673a780792f9810603c78d580b19b38102228a207fc
pd8b-top040-lam010-lr05-s42-rl160,Qwen3-8B,80,/volume/posttrain/users/lsk/nvc-repo/sgd_rlvr_reproduce/checkpoints/paperD_rl160/pd8b-top040-lam010-lr05-s42-rl160/masks/mask_rlstep080.safetensors,c49d4d924f2c94e5ad1c24d221a10b382ebdc31c3712b7146dceee5489408d27,868259840,38912,868220928,252,6945767424,2778306876,0.399999987,0.393000000,bool,uint8,bitpacked_lsb0,C,0,True,False,1.000,4dc6ef27123cbd489258a826d14458f53f077c8ce77f8a2961e1c4fa54a74f16,53fa2c00df6f60c3196ca673a780792f9810603c78d580b19b38102228a207fc
pd8b-top040-lam010-lr05-s42-rl160,Qwen3-8B,120,/volume/posttrain/users/lsk/nvc-repo/sgd_rlvr_reproduce/checkpoints/paperD_rl160/pd8b-top040-lam010-lr05-s42-rl160/masks/mask_rlstep120.safetensors,1b9be8f40a8a92f4665b00a388d0547e82d50d641b0222967dd854c028321ab3,868259840,38912,868220928,252,6945767424,2778306876,0.399999987,0.393000000,bool,uint8,bitpacked_lsb0,C,0,True,False,1.000,4dc6ef27123cbd489258a826d14458f53f077c8ce77f8a2961e1c4fa54a74f16,53fa2c00df6f60c3196ca673a780792f9810603c78d580b19b38102228a207fc
pd8b-top040-lam010-lr05-s42-rl160,Qwen3-8B,160,/volume/posttrain/users/lsk/nvc-repo/sgd_rlvr_reproduce/checkpoints/paperD_rl160/pd8b-top040-lam010-lr05-s42-rl160/masks/mask_rlstep160.safetensors,7f307547f3ab1e03e48c665794f21214b77b7194631510fc602686878b0c5e14,868259840,38912,868220928,252,6945767424,2778306876,0.399999987,0.393000000,bool,uint8,bitpacked_lsb0,C,0,True,False,1.000,4dc6ef27123cbd489258a826d14458f53f077c8ce77f8a2961e1c4fa54a74f16,53fa2c00df6f60c3196ca673a780792f9810603c78d580b19b38102228a207fc
pd8b-top040-lam010-lr05-s43-rl160,Qwen3-8B,40,/volume/posttrain/users/lsk/nvc-repo/sgd_rlvr_reproduce/checkpoints/paperD_rl160/pd8b-top040-lam010-lr05-s43-rl160/masks/mask_rlstep040.safetensors,a5224c86e931c691a7e4414117e70798e87c237502724d62fa0286cde1309b31,868259840,38912,868220928,252,6945767424,2778306876,0.399999987,0.393000000,bool,uint8,bitpacked_lsb0,C,0,True,False,1.000,4dc6ef27123cbd489258a826d14458f53f077c8ce77f8a2961e1c4fa54a74f16,53fa2c00df6f60c3196ca673a780792f9810603c78d580b19b38102228a207fc
pd8b-top040-lam010-lr05-s43-rl160,Qwen3-8B,80,/volume/posttrain/users/lsk/nvc-repo/sgd_rlvr_reproduce/checkpoints/paperD_rl160/pd8b-top040-lam010-lr05-s43-rl160/masks/mask_rlstep080.safetensors,545709cabe1bdd94833f0e58abf6a2132a0c3c0a3bc9714332403cff26348044,868259840,38912,868220928,252,6945767424,2778306876,0.399999987,0.393000000,bool,uint8,bitpacked_lsb0,C,0,True,False,1.000,4dc6ef27123cbd489258a826d14458f53f077c8ce77f8a2961e1c4fa54a74f16,53fa2c00df6f60c3196ca673a780792f9810603c78d580b19b38102228a207fc
pd8b-top040-lam010-lr05-s43-rl160,Qwen3-8B,120,/volume/posttrain/users/lsk/nvc-repo/sgd_rlvr_reproduce/checkpoints/paperD_rl160/pd8b-top040-lam010-lr05-s43-rl160/masks/mask_rlstep120.safetensors,08f2ff509ee408d495a324b845c6e060dcd4b9c9c928c7d42c7475c5f7daaa2d,868259840,38912,868220928,252,6945767424,2778306876,0.399999987,0.393000000,bool,uint8,bitpacked_lsb0,C,0,True,False,1.000,4dc6ef27123cbd489258a826d14458f53f077c8ce77f8a2961e1c4fa54a74f16,53fa2c00df6f60c3196ca673a780792f9810603c78d580b19b38102228a207fc
pd8b-top040-lam010-lr05-s43-rl160,Qwen3-8B,160,/volume/posttrain/users/lsk/nvc-repo/sgd_rlvr_reproduce/checkpoints/paperD_rl160/pd8b-top040-lam010-lr05-s43-rl160/masks/mask_rlstep160.safetensors,5891ea5d744c6b8403aae8558717b4c0afb165bbaff8b0d8ad3cffe0dc4fdab1,868259840,38912,868220928,252,6945767424,2778306876,0.399999987,0.393000000,bool,uint8,bitpacked_lsb0,C,0,True,False,1.000,4dc6ef27123cbd489258a826d14458f53f077c8ce77f8a2961e1c4fa54a74f16,53fa2c00df6f60c3196ca673a780792f9810603c78d580b19b38102228a207fc
pd8b-top040-lam010-lr05-s44-rl160,Qwen3-8B,40,/volume/posttrain/users/lsk/nvc-repo/sgd_rlvr_reproduce/checkpoints/paperD_rl160/pd8b-top040-lam010-lr05-s44-rl160/masks/mask_rlstep040.safetensors,06dc22b3ee95fe69db322a381fb584d00dee37fdf7503a41001645dc3091947a,868259840,38912,868220928,252,6945767424,2778306876,0.399999987,0.393000000,bool,uint8,bitpacked_lsb0,C,0,True,False,1.000,4dc6ef27123cbd489258a826d14458f53f077c8ce77f8a2961e1c4fa54a74f16,53fa2c00df6f60c3196ca673a780792f9810603c78d580b19b38102228a207fc
pd8b-top040-lam010-lr05-s44-rl160,Qwen3-8B,80,/volume/posttrain/users/lsk/nvc-repo/sgd_rlvr_reproduce/checkpoints/paperD_rl160/pd8b-top040-lam010-lr05-s44-rl160/masks/mask_rlstep080.safetensors,56696993eb10fd380b989fbbbf1327101e8a4c4c464bf0375b5101fb3fbaf1f6,868259840,38912,868220928,252,6945767424,2778306876,0.399999987,0.393000000,bool,uint8,bitpacked_lsb0,C,0,True,False,1.000,4dc6ef27123cbd489258a826d14458f53f077c8ce77f8a2961e1c4fa54a74f16,53fa2c00df6f60c3196ca673a780792f9810603c78d580b19b38102228a207fc
pd8b-top040-lam010-lr05-s44-rl160,Qwen3-8B,120,/volume/posttrain/users/lsk/nvc-repo/sgd_rlvr_reproduce/checkpoints/paperD_rl160/pd8b-top040-lam010-lr05-s44-rl160/masks/mask_rlstep120.safetensors,ea3685707f2189c31ad032a4dbde6855c255ba1fd8c637fcbb863319e0005457,868259840,38912,868220928,252,6945767424,2778306876,0.399999987,0.393000000,bool,uint8,bitpacked_lsb0,C,0,True,False,1.000,4dc6ef27123cbd489258a826d14458f53f077c8ce77f8a2961e1c4fa54a74f16,53fa2c00df6f60c3196ca673a780792f9810603c78d580b19b38102228a207fc
pd8b-top040-lam010-lr05-s44-rl160,Qwen3-8B,160,/volume/posttrain/users/lsk/nvc-repo/sgd_rlvr_reproduce/checkpoints/paperD_rl160/pd8b-top040-lam010-lr05-s44-rl160/masks/mask_rlstep160.safetensors,e297bdd7674bce831b50297f6e7722bc0112b66d60e5e2c27693c53cb068ee76,868259840,38912,868220928,252,6945767424,2778306876,0.399999987,0.393000000,bool,uint8,bitpacked_lsb0,C,0,True,False,1.000,4dc6ef27123cbd489258a826d14458f53f077c8ce77f8a2961e1c4fa54a74f16,53fa2c00df6f60c3196ca673a780792f9810603c78d580b19b38102228a207fc
pd8b-top040-lam010-lr10-s42-rl160,Qwen3-8B,40,/volume/posttrain/users/lsk/nvc-repo/sgd_rlvr_reproduce/checkpoints/paperD_rl160/pd8b-top040-lam010-lr10-s42-rl160/masks/mask_rlstep040.safetensors,834c9e4c2668e43743bc86841331bbe1fe1ead8b6dfc19987aebb08c6447af06,868259840,38912,868220928,252,6945767424,2778306876,0.399999987,0.393000000,bool,uint8,bitpacked_lsb0,C,0,True,False,1.000,4dc6ef27123cbd489258a826d14458f53f077c8ce77f8a2961e1c4fa54a74f16,53fa2c00df6f60c3196ca673a780792f9810603c78d580b19b38102228a207fc
pd8b-top040-lam010-lr10-s42-rl160,Qwen3-8B,80,/volume/posttrain/users/lsk/nvc-repo/sgd_rlvr_reproduce/checkpoints/paperD_rl160/pd8b-top040-lam010-lr10-s42-rl160/masks/mask_rlstep080.safetensors,a98bf225262cfe29589a9305a3919a783cec24ebfe29df1c68ef7481236b69f9,868259840,38912,868220928,252,6945767424,2778306876,0.399999987,0.393000000,bool,uint8,bitpacked_lsb0,C,0,True,False,1.000,4dc6ef27123cbd489258a826d14458f53f077c8ce77f8a2961e1c4fa54a74f16,53fa2c00df6f60c3196ca673a780792f9810603c78d580b19b38102228a207fc
pd8b-top040-lam010-lr10-s42-rl160,Qwen3-8B,120,/volume/posttrain/users/lsk/nvc-repo/sgd_rlvr_reproduce/checkpoints/paperD_rl160/pd8b-top040-lam010-lr10-s42-rl160/masks/mask_rlstep120.safetensors,52b9ab43643124dda1eb01c30bc832c911187b51aa19c9e2c6feb35f3f5c22fd,868259840,38912,868220928,252,6945767424,2778306876,0.399999987,0.393000000,bool,uint8,bitpacked_lsb0,C,0,True,False,1.000,4dc6ef27123cbd489258a826d14458f53f077c8ce77f8a2961e1c4fa54a74f16,53fa2c00df6f60c3196ca673a780792f9810603c78d580b19b38102228a207fc
pd8b-top040-lam010-lr10-s42-rl160,Qwen3-8B,160,/volume/posttrain/users/lsk/nvc-repo/sgd_rlvr_reproduce/checkpoints/paperD_rl160/pd8b-top040-lam010-lr10-s42-rl160/masks/mask_rlstep160.safetensors,78713e6b098d5dc59ec409c01fd3ba775a5dc64bce3163bc12f8b662a7453295,868259840,38912,868220928,252,6945767424,2778306876,0.399999987,0.393000000,bool,uint8,bitpacked_lsb0,C,0,True,False,1.000,4dc6ef27123cbd489258a826d14458f53f077c8ce77f8a2961e1c4fa54a74f16,53fa2c00df6f60c3196ca673a780792f9810603c78d580b19b38102228a207fc
pd8b-top040-lam010-lr10-s43-rl160,Qwen3-8B,40,/volume/posttrain/users/lsk/nvc-repo/sgd_rlvr_reproduce/checkpoints/paperD_rl160/pd8b-top040-lam010-lr10-s43-rl160/masks/mask_rlstep040.safetensors,c46f6820c6db041c797c1eacf32bffc51d3646bbf2638970e6a3892d1051d4cd,868259840,38912,868220928,252,6945767424,2778306876,0.399999987,0.393000000,bool,uint8,bitpacked_lsb0,C,0,True,False,1.000,4dc6ef27123cbd489258a826d14458f53f077c8ce77f8a2961e1c4fa54a74f16,53fa2c00df6f60c3196ca673a780792f9810603c78d580b19b38102228a207fc
pd8b-top040-lam010-lr10-s43-rl160,Qwen3-8B,80,/volume/posttrain/users/lsk/nvc-repo/sgd_rlvr_reproduce/checkpoints/paperD_rl160/pd8b-top040-lam010-lr10-s43-rl160/masks/mask_rlstep080.safetensors,8d41c7f43609fdf573a1205de33687c10f62e28f417cce1e77c46af7ffcbe613,868259840,38912,868220928,252,6945767424,2778306876,0.399999987,0.393000000,bool,uint8,bitpacked_lsb0,C,0,True,False,1.000,4dc6ef27123cbd489258a826d14458f53f077c8ce77f8a2961e1c4fa54a74f16,53fa2c00df6f60c3196ca673a780792f9810603c78d580b19b38102228a207fc
pd8b-top040-lam010-lr10-s43-rl160,Qwen3-8B,120,/volume/posttrain/users/lsk/nvc-repo/sgd_rlvr_reproduce/checkpoints/paperD_rl160/pd8b-top040-lam010-lr10-s43-rl160/masks/mask_rlstep120.safetensors,2a943d264c24ee0d8779ee346cd4f1b139014bb555db56db8896fcfe53d7040a,868259840,38912,868220928,252,6945767424,2778306876,0.399999987,0.393000000,bool,uint8,bitpacked_lsb0,C,0,True,False,1.000,4dc6ef27123cbd489258a826d14458f53f077c8ce77f8a2961e1c4fa54a74f16,53fa2c00df6f60c3196ca673a780792f9810603c78d580b19b38102228a207fc
pd8b-top040-lam010-lr10-s43-rl160,Qwen3-8B,160,/volume/posttrain/users/lsk/nvc-repo/sgd_rlvr_reproduce/checkpoints/paperD_rl160/pd8b-top040-lam010-lr10-s43-rl160/masks/mask_rlstep160.safetensors,63480b345bd36c09815be73876b9c2d217ec99400632498891dfadc3bc44d4f8,868259840,38912,868220928,252,6945767424,2778306876,0.399999987,0.393000000,bool,uint8,bitpacked_lsb0,C,0,True,False,1.000,4dc6ef27123cbd489258a826d14458f53f077c8ce77f8a2961e1c4fa54a74f16,53fa2c00df6f60c3196ca673a780792f9810603c78d580b19b38102228a207fc
pd8b-top040-lam010-lr10-s44-rl160,Qwen3-8B,40,/volume/posttrain/users/lsk/nvc-repo/sgd_rlvr_reproduce/checkpoints/paperD_rl160/pd8b-top040-lam010-lr10-s44-rl160/masks/mask_rlstep040.safetensors,68d6bd716ed4fae61bd69d5f8f4552656c075ecd1d3a0b920570bf0cd5e72d6d,868259840,38912,868220928,252,6945767424,2778306876,0.399999987,0.393000000,bool,uint8,bitpacked_lsb0,C,0,True,False,1.000,4dc6ef27123cbd489258a826d14458f53f077c8ce77f8a2961e1c4fa54a74f16,53fa2c00df6f60c3196ca673a780792f9810603c78d580b19b38102228a207fc
pd8b-top040-lam010-lr10-s44-rl160,Qwen3-8B,80,/volume/posttrain/users/lsk/nvc-repo/sgd_rlvr_reproduce/checkpoints/paperD_rl160/pd8b-top040-lam010-lr10-s44-rl160/masks/mask_rlstep080.safetensors,b62d887a109d561ee850c739825c69617af3fc09992e78e0878aea8cbec6b3a4,868259840,38912,868220928,252,6945767424,2778306876,0.399999987,0.393000000,bool,uint8,bitpacked_lsb0,C,0,True,False,1.000,4dc6ef27123cbd489258a826d14458f53f077c8ce77f8a2961e1c4fa54a74f16,53fa2c00df6f60c3196ca673a780792f9810603c78d580b19b38102228a207fc
pd8b-top040-lam010-lr10-s44-rl160,Qwen3-8B,120,/volume/posttrain/users/lsk/nvc-repo/sgd_rlvr_reproduce/checkpoints/paperD_rl160/pd8b-top040-lam010-lr10-s44-rl160/masks/mask_rlstep120.safetensors,549c167a8123fd0dbdc0ea2b2c66140906989200a61c804394c217a2d4bbbfc2,868259840,38912,868220928,252,6945767424,2778306876,0.399999987,0.393000000,bool,uint8,bitpacked_lsb0,C,0,True,False,1.000,4dc6ef27123cbd489258a826d14458f53f077c8ce77f8a2961e1c4fa54a74f16,53fa2c00df6f60c3196ca673a780792f9810603c78d580b19b38102228a207fc
pd8b-top040-lam010-lr10-s44-rl160,Qwen3-8B,160,/volume/posttrain/users/lsk/nvc-repo/sgd_rlvr_reproduce/checkpoints/paperD_rl160/pd8b-top040-lam010-lr10-s44-rl160/masks/mask_rlstep160.safetensors,fcc88ffd28111689998898d470377bd414174d79b2243883366dbd748df89cf6,868259840,38912,868220928,252,6945767424,2778306876,0.399999987,0.393000000,bool,uint8,bitpacked_lsb0,C,0,True,False,1.000,4dc6ef27123cbd489258a826d14458f53f077c8ce77f8a2961e1c4fa54a74f16,53fa2c00df6f60c3196ca673a780792f9810603c78d580b19b38102228a207fc
pd8b-top040-lam010-lr20-s42-rl160,Qwen3-8B,40,/volume/posttrain/users/lsk/nvc-repo/sgd_rlvr_reproduce/checkpoints/paperD_rl160/pd8b-top040-lam010-lr20-s42-rl160/masks/mask_rlstep040.safetensors,15c0b5b6318834a5866ea79d4f7e2e314a7b234b8a4a93c321bc786d3216cc09,868259840,38912,868220928,252,6945767424,2778306876,0.399999987,0.393000000,bool,uint8,bitpacked_lsb0,C,0,True,False,1.000,4dc6ef27123cbd489258a826d14458f53f077c8ce77f8a2961e1c4fa54a74f16,53fa2c00df6f60c3196ca673a780792f9810603c78d580b19b38102228a207fc
pd8b-top040-lam010-lr20-s42-rl160,Qwen3-8B,80,/volume/posttrain/users/lsk/nvc-repo/sgd_rlvr_reproduce/checkpoints/paperD_rl160/pd8b-top040-lam010-lr20-s42-rl160/masks/mask_rlstep080.safetensors,2c1d2327551eddf593ea897c69ce703138d6d008e8e0b192c1d977143b9585da,868259840,38912,868220928,252,6945767424,2778306876,0.399999987,0.393000000,bool,uint8,bitpacked_lsb0,C,0,True,False,1.000,4dc6ef27123cbd489258a826d14458f53f077c8ce77f8a2961e1c4fa54a74f16,53fa2c00df6f60c3196ca673a780792f9810603c78d580b19b38102228a207fc
pd8b-top040-lam010-lr20-s42-rl160,Qwen3-8B,120,/volume/posttrain/users/lsk/nvc-repo/sgd_rlvr_reproduce/checkpoints/paperD_rl160/pd8b-top040-lam010-lr20-s42-rl160/masks/mask_rlstep120.safetensors,628347f960b1726599ba642c4892001f853438cc4e289475d460cabab65abd74,868259840,38912,868220928,252,6945767424,2778306876,0.399999987,0.393000000,bool,uint8,bitpacked_lsb0,C,0,True,False,1.000,4dc6ef27123cbd489258a826d14458f53f077c8ce77f8a2961e1c4fa54a74f16,53fa2c00df6f60c3196ca673a780792f9810603c78d580b19b38102228a207fc
pd8b-top040-lam010-lr20-s42-rl160,Qwen3-8B,160,/volume/posttrain/users/lsk/nvc-repo/sgd_rlvr_reproduce/checkpoints/paperD_rl160/pd8b-top040-lam010-lr20-s42-rl160/masks/mask_rlstep160.safetensors,48680744e0f288ba16fcee362a7e0cef7ffac2a6fb01c3e3ad0e9c38d80d4741,868259840,38912,868220928,252,6945767424,2778306876,0.399999987,0.393000000,bool,uint8,bitpacked_lsb0,C,0,True,False,1.000,4dc6ef27123cbd489258a826d14458f53f077c8ce77f8a2961e1c4fa54a74f16,53fa2c00df6f60c3196ca673a780792f9810603c78d580b19b38102228a207fc
pd8b-top040-lam010-lr20-s43-rl160,Qwen3-8B,40,/volume/posttrain/users/lsk/nvc-repo/sgd_rlvr_reproduce/checkpoints/paperD_rl160/pd8b-top040-lam010-lr20-s43-rl160/masks/mask_rlstep040.safetensors,5d52749d2366421607af7778027a8daf3d576acde0545955b03989352cfd536d,868259840,38912,868220928,252,6945767424,2778306876,0.399999987,0.393000000,bool,uint8,bitpacked_lsb0,C,0,True,False,1.000,4dc6ef27123cbd489258a826d14458f53f077c8ce77f8a2961e1c4fa54a74f16,53fa2c00df6f60c3196ca673a780792f9810603c78d580b19b38102228a207fc
pd8b-top040-lam010-lr20-s43-rl160,Qwen3-8B,80,/volume/posttrain/users/lsk/nvc-repo/sgd_rlvr_reproduce/checkpoints/paperD_rl160/pd8b-top040-lam010-lr20-s43-rl160/masks/mask_rlstep080.safetensors,7f8bb0498bebb4b0d4fb1f4a23885933e847c885204bddf61fee4eb05416e3be,868259840,38912,868220928,252,6945767424,2778306876,0.399999987,0.393000000,bool,uint8,bitpacked_lsb0,C,0,True,False,1.000,4dc6ef27123cbd489258a826d14458f53f077c8ce77f8a2961e1c4fa54a74f16,53fa2c00df6f60c3196ca673a780792f9810603c78d580b19b38102228a207fc
pd8b-top040-lam010-lr20-s43-rl160,Qwen3-8B,120,/volume/posttrain/users/lsk/nvc-repo/sgd_rlvr_reproduce/checkpoints/paperD_rl160/pd8b-top040-lam010-lr20-s43-rl160/masks/mask_rlstep120.safetensors,b52890b807c1cc0e82176f44f6602e8c3997685ea2bed73f97f65ce30d0151d3,868259840,38912,868220928,252,6945767424,2778306876,0.399999987,0.393000000,bool,uint8,bitpacked_lsb0,C,0,True,False,1.000,4dc6ef27123cbd489258a826d14458f53f077c8ce77f8a2961e1c4fa54a74f16,53fa2c00df6f60c3196ca673a780792f9810603c78d580b19b38102228a207fc
pd8b-top040-lam010-lr20-s43-rl160,Qwen3-8B,160,/volume/posttrain/users/lsk/nvc-repo/sgd_rlvr_reproduce/checkpoints/paperD_rl160/pd8b-top040-lam010-lr20-s43-rl160/masks/mask_rlstep160.safetensors,0750e7384d7de914b546641f5985f845c88f19990c1f86162d5aa0a6e93cdae2,868259840,38912,868220928,252,6945767424,2778306876,0.399999987,0.393000000,bool,uint8,bitpacked_lsb0,C,0,True,False,1.000,4dc6ef27123cbd489258a826d14458f53f077c8ce77f8a2961e1c4fa54a74f16,53fa2c00df6f60c3196ca673a780792f9810603c78d580b19b38102228a207fc
pd8b-top040-lam010-lr20-s44-rl160,Qwen3-8B,40,/volume/posttrain/users/lsk/nvc-repo/sgd_rlvr_reproduce/checkpoints/paperD_rl160/pd8b-top040-lam010-lr20-s44-rl160/masks/mask_rlstep040.safetensors,e9be3e57c89d59d2f7bf3dd2fae1d31527f91456097ecd5471cf0aa5ccd4f6a9,868259840,38912,868220928,252,6945767424,2778306876,0.399999987,0.393000000,bool,uint8,bitpacked_lsb0,C,0,True,False,1.000,4dc6ef27123cbd489258a826d14458f53f077c8ce77f8a2961e1c4fa54a74f16,53fa2c00df6f60c3196ca673a780792f9810603c78d580b19b38102228a207fc
pd8b-top040-lam010-lr20-s44-rl160,Qwen3-8B,80,/volume/posttrain/users/lsk/nvc-repo/sgd_rlvr_reproduce/checkpoints/paperD_rl160/pd8b-top040-lam010-lr20-s44-rl160/masks/mask_rlstep080.safetensors,9f0e7c2db65b4c4a2cf8a13c86703f29295b7e1e67040d26a69d68a918cad008,868259840,38912,868220928,252,6945767424,2778306876,0.399999987,0.393000000,bool,uint8,bitpacked_lsb0,C,0,True,False,1.000,4dc6ef27123cbd489258a826d14458f53f077c8ce77f8a2961e1c4fa54a74f16,53fa2c00df6f60c3196ca673a780792f9810603c78d580b19b38102228a207fc
pd8b-top040-lam010-lr20-s44-rl160,Qwen3-8B,120,/volume/posttrain/users/lsk/nvc-repo/sgd_rlvr_reproduce/checkpoints/paperD_rl160/pd8b-top040-lam010-lr20-s44-rl160/masks/mask_rlstep120.safetensors,c2b7fc87a8f3293103743ce1624966c82cf95d9fce1fb0c29ab3165dfb342bcc,868259840,38912,868220928,252,6945767424,2778306876,0.399999987,0.393000000,bool,uint8,bitpacked_lsb0,C,0,True,False,1.000,4dc6ef27123cbd489258a826d14458f53f077c8ce77f8a2961e1c4fa54a74f16,53fa2c00df6f60c3196ca673a780792f9810603c78d580b19b38102228a207fc
pd8b-top040-lam010-lr20-s44-rl160,Qwen3-8B,160,/volume/posttrain/users/lsk/nvc-repo/sgd_rlvr_reproduce/checkpoints/paperD_rl160/pd8b-top040-lam010-lr20-s44-rl160/masks/mask_rlstep160.safetensors,bf14f9180bebc6c60be668fe961e6c8367a6b1eb5ba4d84a8b8262e649e44abb,868259840,38912,868220928,252,6945767424,2778306876,0.399999987,0.393000000,bool,uint8,bitpacked_lsb0,C,0,True,False,1.000,4dc6ef27123cbd489258a826d14458f53f077c8ce77f8a2961e1c4fa54a74f16,53fa2c00df6f60c3196ca673a780792f9810603c78d580b19b38102228a207fc
pd1p7b-top040-lam010-lr20-s42-rl160,Qwen3-1.7B,40,/volume/posttrain/users/lsk/nvc-repo/sgd_rlvr_reproduce/checkpoints/paperD_rl160/pd1p7b-top040-lam010-lr20-s42-rl160/masks/mask_rlstep040.safetensors,e7cf225e5379493b11e0c73ff565be3e98ca5fc4aacea4a11f52339d5691fc3f,176191488,30720,176160768,196,1409286144,563714312,0.399999897,0.393000000,bool,uint8,bitpacked_lsb0,C,0,True,False,1.000,b6ca75dd6fbe50edf9f06daaf3621e51222e091f7fa89e7a594be897d0085ef8,53fa2c00df6f60c3196ca673a780792f9810603c78d580b19b38102228a207fc
pd1p7b-top040-lam010-lr20-s42-rl160,Qwen3-1.7B,80,/volume/posttrain/users/lsk/nvc-repo/sgd_rlvr_reproduce/checkpoints/paperD_rl160/pd1p7b-top040-lam010-lr20-s42-rl160/masks/mask_rlstep080.safetensors,4040fd8a724c8477f9b17f9a74b003362efa9d0a861d0a34a8aa7cf11b54aa54,176191488,30720,176160768,196,1409286144,563714312,0.399999897,0.393000000,bool,uint8,bitpacked_lsb0,C,0,True,False,1.000,b6ca75dd6fbe50edf9f06daaf3621e51222e091f7fa89e7a594be897d0085ef8,53fa2c00df6f60c3196ca673a780792f9810603c78d580b19b38102228a207fc
pd1p7b-top040-lam010-lr20-s42-rl160,Qwen3-1.7B,120,/volume/posttrain/users/lsk/nvc-repo/sgd_rlvr_reproduce/checkpoints/paperD_rl160/pd1p7b-top040-lam010-lr20-s42-rl160/masks/mask_rlstep120.safetensors,a8a90a7aa0c58864182d8aeb9de844332628565c4072a0424debe383b2f51fb8,176191488,30720,176160768,196,1409286144,563714312,0.399999897,0.393000000,bool,uint8,bitpacked_lsb0,C,0,True,False,1.000,b6ca75dd6fbe50edf9f06daaf3621e51222e091f7fa89e7a594be897d0085ef8,53fa2c00df6f60c3196ca673a780792f9810603c78d580b19b38102228a207fc
pd1p7b-top040-lam010-lr20-s42-rl160,Qwen3-1.7B,160,/volume/posttrain/users/lsk/nvc-repo/sgd_rlvr_reproduce/checkpoints/paperD_rl160/pd1p7b-top040-lam010-lr20-s42-rl160/masks/mask_rlstep160.safetensors,5b7e1a1848790bafd2ccdd3ae5c24b0c803edf45ce83ad436778b6c202fda538,176191488,30720,176160768,196,1409286144,563714312,0.399999897,0.393000000,bool,uint8,bitpacked_lsb0,C,0,True,False,1.000,b6ca75dd6fbe50edf9f06daaf3621e51222e091f7fa89e7a594be897d0085ef8,53fa2c00df6f60c3196ca673a780792f9810603c78d580b19b38102228a207fc
pd1p7b-top040-lam010-lr20-s43-rl160,Qwen3-1.7B,40,/volume/posttrain/users/lsk/nvc-repo/sgd_rlvr_reproduce/checkpoints/paperD_rl160/pd1p7b-top040-lam010-lr20-s43-rl160/masks/mask_rlstep040.safetensors,082880ddc87fe8894da4c1b24252e17bbe9f4797aaedb8877bb37063f218c59f,176191488,30720,176160768,196,1409286144,563714312,0.399999897,0.393000000,bool,uint8,bitpacked_lsb0,C,0,True,False,1.000,b6ca75dd6fbe50edf9f06daaf3621e51222e091f7fa89e7a594be897d0085ef8,53fa2c00df6f60c3196ca673a780792f9810603c78d580b19b38102228a207fc
pd1p7b-top040-lam010-lr20-s43-rl160,Qwen3-1.7B,80,/volume/posttrain/users/lsk/nvc-repo/sgd_rlvr_reproduce/checkpoints/paperD_rl160/pd1p7b-top040-lam010-lr20-s43-rl160/masks/mask_rlstep080.safetensors,dde7b95393f17333356b10622e3768287d8d4ca44be7f1dce11050776b657df1,176191488,30720,176160768,196,1409286144,563714312,0.399999897,0.393000000,bool,uint8,bitpacked_lsb0,C,0,True,False,1.000,b6ca75dd6fbe50edf9f06daaf3621e51222e091f7fa89e7a594be897d0085ef8,53fa2c00df6f60c3196ca673a780792f9810603c78d580b19b38102228a207fc
pd1p7b-top040-lam010-lr20-s43-rl160,Qwen3-1.7B,120,/volume/posttrain/users/lsk/nvc-repo/sgd_rlvr_reproduce/checkpoints/paperD_rl160/pd1p7b-top040-lam010-lr20-s43-rl160/masks/mask_rlstep120.safetensors,5e1e3d787d79d78e4503a4463fd3b225866abb6035cb90ec0196b0891a8203ea,176191488,30720,176160768,196,1409286144,563714312,0.399999897,0.393000000,bool,uint8,bitpacked_lsb0,C,0,True,False,1.000,b6ca75dd6fbe50edf9f06daaf3621e51222e091f7fa89e7a594be897d0085ef8,53fa2c00df6f60c3196ca673a780792f9810603c78d580b19b38102228a207fc
pd1p7b-top040-lam010-lr20-s43-rl160,Qwen3-1.7B,160,/volume/posttrain/users/lsk/nvc-repo/sgd_rlvr_reproduce/checkpoints/paperD_rl160/pd1p7b-top040-lam010-lr20-s43-rl160/masks/mask_rlstep160.safetensors,528557c69453a3bb386223db8cb1398a820a0f46e73b47d6dca1efef39af83cb,176191488,30720,176160768,196,1409286144,563714312,0.399999897,0.393000000,bool,uint8,bitpacked_lsb0,C,0,True,False,1.000,b6ca75dd6fbe50edf9f06daaf3621e51222e091f7fa89e7a594be897d0085ef8,53fa2c00df6f60c3196ca673a780792f9810603c78d580b19b38102228a207fc
pd1p7b-top040-lam010-lr20-s44-rl160,Qwen3-1.7B,40,/volume/posttrain/users/lsk/nvc-repo/sgd_rlvr_reproduce/checkpoints/paperD_rl160/pd1p7b-top040-lam010-lr20-s44-rl160/masks/mask_rlstep040.safetensors,e04d695d4331efae1a38ddeda1a2257fd20d3bd3c84962ef28d09adbd1fcde0c,176191488,30720,176160768,196,1409286144,563714312,0.399999897,0.393000000,bool,uint8,bitpacked_lsb0,C,0,True,False,1.000,b6ca75dd6fbe50edf9f06daaf3621e51222e091f7fa89e7a594be897d0085ef8,53fa2c00df6f60c3196ca673a780792f9810603c78d580b19b38102228a207fc
pd1p7b-top040-lam010-lr20-s44-rl160,Qwen3-1.7B,80,/volume/posttrain/users/lsk/nvc-repo/sgd_rlvr_reproduce/checkpoints/paperD_rl160/pd1p7b-top040-lam010-lr20-s44-rl160/masks/mask_rlstep080.safetensors,1d47ff8713bf198d347f8bb5775baac7b5843e22496b721042a143ddae69703d,176191488,30720,176160768,196,1409286144,563714312,0.399999897,0.393000000,bool,uint8,bitpacked_lsb0,C,0,True,False,1.000,b6ca75dd6fbe50edf9f06daaf3621e51222e091f7fa89e7a594be897d0085ef8,53fa2c00df6f60c3196ca673a780792f9810603c78d580b19b38102228a207fc
pd1p7b-top040-lam010-lr20-s44-rl160,Qwen3-1.7B,120,/volume/posttrain/users/lsk/nvc-repo/sgd_rlvr_reproduce/checkpoints/paperD_rl160/pd1p7b-top040-lam010-lr20-s44-rl160/masks/mask_rlstep120.safetensors,7e4d7941da9499eb67509887ad35a6e9b827346244962a8bb008e69e15735509,176191488,30720,176160768,196,1409286144,563714312,0.399999897,0.393000000,bool,uint8,bitpacked_lsb0,C,0,True,False,1.000,b6ca75dd6fbe50edf9f06daaf3621e51222e091f7fa89e7a594be897d0085ef8,53fa2c00df6f60c3196ca673a780792f9810603c78d580b19b38102228a207fc
pd1p7b-top040-lam010-lr20-s44-rl160,Qwen3-1.7B,160,/volume/posttrain/users/lsk/nvc-repo/sgd_rlvr_reproduce/checkpoints/paperD_rl160/pd1p7b-top040-lam010-lr20-s44-rl160/masks/mask_rlstep160.safetensors,5bd794a3e22f193141d3792f8ae811d0bafc3b417d5e0103812b9634d7044715,176191488,30720,176160768,196,1409286144,563714312,0.399999897,0.393000000,bool,uint8,bitpacked_lsb0,C,0,True,False,1.000,b6ca75dd6fbe50edf9f06daaf3621e51222e091f7fa89e7a594be897d0085ef8,53fa2c00df6f60c3196ca673a780792f9810603c78d580b19b38102228a207fc
pd8b-dapo-recipe-s42-rl160,Qwen3-8B,40,/volume/posttrain/users/lsk/nvc-repo/sgd_rlvr_reproduce/checkpoints/paperD_rl160/pd8b-dapo-recipe-s42-rl160/masks/mask_rlstep040.safetensors,d559c107b4ebcfc62f6a1054cb0929bc0c190b70699ca9d43b7ce517b0abce4f,868259840,38912,868220928,252,6945767424,2778306876,0.399999987,0.393000000,bool,uint8,bitpacked_lsb0,C,0,True,False,1.000,4dc6ef27123cbd489258a826d14458f53f077c8ce77f8a2961e1c4fa54a74f16,53fa2c00df6f60c3196ca673a780792f9810603c78d580b19b38102228a207fc
pd8b-dapo-recipe-s42-rl160,Qwen3-8B,80,/volume/posttrain/users/lsk/nvc-repo/sgd_rlvr_reproduce/checkpoints/paperD_rl160/pd8b-dapo-recipe-s42-rl160/masks/mask_rlstep080.safetensors,395e5ea3303225047f5cfe5b68d663c58380ab5c8e16c8a96903f097e1acb09d,868259840,38912,868220928,252,6945767424,2778306876,0.399999987,0.393000000,bool,uint8,bitpacked_lsb0,C,0,True,False,1.000,4dc6ef27123cbd489258a826d14458f53f077c8ce77f8a2961e1c4fa54a74f16,53fa2c00df6f60c3196ca673a780792f9810603c78d580b19b38102228a207fc
pd8b-dapo-recipe-s42-rl160,Qwen3-8B,120,/volume/posttrain/users/lsk/nvc-repo/sgd_rlvr_reproduce/checkpoints/paperD_rl160/pd8b-dapo-recipe-s42-rl160/masks/mask_rlstep120.safetensors,0ca14ef83b47a173e811a4e4899ec13576d7c10d9f5664b784a9cad1ae8c62e5,868259840,38912,868220928,252,6945767424,2778306876,0.399999987,0.393000000,bool,uint8,bitpacked_lsb0,C,0,True,False,1.000,4dc6ef27123cbd489258a826d14458f53f077c8ce77f8a2961e1c4fa54a74f16,53fa2c00df6f60c3196ca673a780792f9810603c78d580b19b38102228a207fc
pd8b-dapo-recipe-s42-rl160,Qwen3-8B,160,/volume/posttrain/users/lsk/nvc-repo/sgd_rlvr_reproduce/checkpoints/paperD_rl160/pd8b-dapo-recipe-s42-rl160/masks/mask_rlstep160.safetensors,7b926fc6dfb0dc12b76668011da23398a199d05cab28eb52032f859cc7d073b5,868259840,38912,868220928,252,6945767424,2778306876,0.399999987,0.393000000,bool,uint8,bitpacked_lsb0,C,0,True,False,1.000,4dc6ef27123cbd489258a826d14458f53f077c8ce77f8a2961e1c4fa54a74f16,53fa2c00df6f60c3196ca673a780792f9810603c78d580b19b38102228a207fc
pd8b-dapo-recipe-s43-rl160,Qwen3-8B,40,/volume/posttrain/users/lsk/nvc-repo/sgd_rlvr_reproduce/checkpoints/paperD_rl160/pd8b-dapo-recipe-s43-rl160/masks/mask_rlstep040.safetensors,a0d55f1384ed6cca69a5248cebb5d516215ae81b7661a2515fd6adfcf699459c,868259840,38912,868220928,252,6945767424,2778306876,0.399999987,0.393000000,bool,uint8,bitpacked_lsb0,C,0,True,False,1.000,4dc6ef27123cbd489258a826d14458f53f077c8ce77f8a2961e1c4fa54a74f16,53fa2c00df6f60c3196ca673a780792f9810603c78d580b19b38102228a207fc
pd8b-dapo-recipe-s43-rl160,Qwen3-8B,80,/volume/posttrain/users/lsk/nvc-repo/sgd_rlvr_reproduce/checkpoints/paperD_rl160/pd8b-dapo-recipe-s43-rl160/masks/mask_rlstep080.safetensors,d355e642811a51288b59d4884e9435bf9812ac86129acefb12447767d9495b54,868259840,38912,868220928,252,6945767424,2778306876,0.399999987,0.393000000,bool,uint8,bitpacked_lsb0,C,0,True,False,1.000,4dc6ef27123cbd489258a826d14458f53f077c8ce77f8a2961e1c4fa54a74f16,53fa2c00df6f60c3196ca673a780792f9810603c78d580b19b38102228a207fc
pd8b-dapo-recipe-s43-rl160,Qwen3-8B,120,/volume/posttrain/users/lsk/nvc-repo/sgd_rlvr_reproduce/checkpoints/paperD_rl160/pd8b-dapo-recipe-s43-rl160/masks/mask_rlstep120.safetensors,2957135996ebcb4f71f73553cde5cf65823916a4f2bb4f4aec7189b79f94a712,868259840,38912,868220928,252,6945767424,2778306876,0.399999987,0.393000000,bool,uint8,bitpacked_lsb0,C,0,True,False,1.000,4dc6ef27123cbd489258a826d14458f53f077c8ce77f8a2961e1c4fa54a74f16,53fa2c00df6f60c3196ca673a780792f9810603c78d580b19b38102228a207fc
pd8b-dapo-recipe-s43-rl160,Qwen3-8B,160,/volume/posttrain/users/lsk/nvc-repo/sgd_rlvr_reproduce/checkpoints/paperD_rl160/pd8b-dapo-recipe-s43-rl160/masks/mask_rlstep160.safetensors,bcb743c19b09b496d4d266ee9c6422b2c671f566448a81b1de4cdfbee6e76b9f,868259840,38912,868220928,252,6945767424,2778306876,0.399999987,0.393000000,bool,uint8,bitpacked_lsb0,C,0,True,False,1.000,4dc6ef27123cbd489258a826d14458f53f077c8ce77f8a2961e1c4fa54a74f16,53fa2c00df6f60c3196ca673a780792f9810603c78d580b19b38102228a207fc
pd8b-dapo-recipe-s44-rl160,Qwen3-8B,40,/volume/posttrain/users/lsk/nvc-repo/sgd_rlvr_reproduce/checkpoints/paperD_rl160/pd8b-dapo-recipe-s44-rl160/masks/mask_rlstep040.safetensors,3f9d2a93b58295b0ef1980192c9807fa58f2d336b3657f77e66edef260d1ce56,868259840,38912,868220928,252,6945767424,2778306876,0.399999987,0.393000000,bool,uint8,bitpacked_lsb0,C,0,True,False,1.000,4dc6ef27123cbd489258a826d14458f53f077c8ce77f8a2961e1c4fa54a74f16,53fa2c00df6f60c3196ca673a780792f9810603c78d580b19b38102228a207fc
pd8b-dapo-recipe-s44-rl160,Qwen3-8B,80,/volume/posttrain/users/lsk/nvc-repo/sgd_rlvr_reproduce/checkpoints/paperD_rl160/pd8b-dapo-recipe-s44-rl160/masks/mask_rlstep080.safetensors,3db59e41e8cf79495e9161e1301eca7be0769597175e3cf980b1d6dc84c99d8c,868259840,38912,868220928,252,6945767424,2778306876,0.399999987,0.393000000,bool,uint8,bitpacked_lsb0,C,0,True,False,1.000,4dc6ef27123cbd489258a826d14458f53f077c8ce77f8a2961e1c4fa54a74f16,53fa2c00df6f60c3196ca673a780792f9810603c78d580b19b38102228a207fc
pd8b-dapo-recipe-s44-rl160,Qwen3-8B,120,/volume/posttrain/users/lsk/nvc-repo/sgd_rlvr_reproduce/checkpoints/paperD_rl160/pd8b-dapo-recipe-s44-rl160/masks/mask_rlstep120.safetensors,94759e3d0d0be39a8648b2d33c8e5c362f8c8ce8c73181413ef77c3d6730f5c5,868259840,38912,868220928,252,6945767424,2778306876,0.399999987,0.393000000,bool,uint8,bitpacked_lsb0,C,0,True,False,1.000,4dc6ef27123cbd489258a826d14458f53f077c8ce77f8a2961e1c4fa54a74f16,53fa2c00df6f60c3196ca673a780792f9810603c78d580b19b38102228a207fc
pd8b-dapo-recipe-s44-rl160,Qwen3-8B,160,/volume/posttrain/users/lsk/nvc-repo/sgd_rlvr_reproduce/checkpoints/paperD_rl160/pd8b-dapo-recipe-s44-rl160/masks/mask_rlstep160.safetensors,01642f17a01359a535c259b932d09a0a685967adf25c382ce27d170c847b4855,868259840,38912,868220928,252,6945767424,2778306876,0.399999987,0.393000000,bool,uint8,bitpacked_lsb0,C,0,True,False,1.000,4dc6ef27123cbd489258a826d14458f53f077c8ce77f8a2961e1c4fa54a74f16,53fa2c00df6f60c3196ca673a780792f9810603c78d580b19b38102228a207fc
pdllama8b-recipe-s42-rl160,Llama3.1-8B,40,/volume/posttrain/users/lsk/nvc-repo/sgd_rlvr_reproduce/checkpoints/paperD_rl160/pdllama8b-recipe-s42-rl160/masks/mask_rlstep040.safetensors,262f9d5b612819468e1781a4e6b32c194b36da3e665b0d8b9d6762684b884282,868259840,38912,868220928,252,6945767424,2778306876,0.399999987,0.393000000,bool,uint8,bitpacked_lsb0,C,0,True,False,1.000,f9cd97d191b5cb2a78d1f532106e1e54bd8be7e9ff0ab626c54cc5732a104d2c,53fa2c00df6f60c3196ca673a780792f9810603c78d580b19b38102228a207fc
pdllama8b-recipe-s42-rl160,Llama3.1-8B,80,/volume/posttrain/users/lsk/nvc-repo/sgd_rlvr_reproduce/checkpoints/paperD_rl160/pdllama8b-recipe-s42-rl160/masks/mask_rlstep080.safetensors,6eaf4cd5ac120d8f91c00f1b00e879fe2a303dc1424cf6643e62a285150fb8f5,868259840,38912,868220928,252,6945767424,2778306876,0.399999987,0.393000000,bool,uint8,bitpacked_lsb0,C,0,True,False,1.000,f9cd97d191b5cb2a78d1f532106e1e54bd8be7e9ff0ab626c54cc5732a104d2c,53fa2c00df6f60c3196ca673a780792f9810603c78d580b19b38102228a207fc
pdllama8b-recipe-s42-rl160,Llama3.1-8B,120,/volume/posttrain/users/lsk/nvc-repo/sgd_rlvr_reproduce/checkpoints/paperD_rl160/pdllama8b-recipe-s42-rl160/masks/mask_rlstep120.safetensors,40e42f7d6a89b1a5e4b8f6b80f0a5fff22f818fe890a7d60a50d890e743a24d0,868259840,38912,868220928,252,6945767424,2778306876,0.399999987,0.393000000,bool,uint8,bitpacked_lsb0,C,0,True,False,1.000,f9cd97d191b5cb2a78d1f532106e1e54bd8be7e9ff0ab626c54cc5732a104d2c,53fa2c00df6f60c3196ca673a780792f9810603c78d580b19b38102228a207fc
pdllama8b-recipe-s42-rl160,Llama3.1-8B,160,/volume/posttrain/users/lsk/nvc-repo/sgd_rlvr_reproduce/checkpoints/paperD_rl160/pdllama8b-recipe-s42-rl160/masks/mask_rlstep160.safetensors,4c933056a9989c69b6f10b7ea9a632d3fae4d560a91c7e93e83fb67ab68fa0d9,868259840,38912,868220928,252,6945767424,2778306876,0.399999987,0.393000000,bool,uint8,bitpacked_lsb0,C,0,True,False,1.000,f9cd97d191b5cb2a78d1f532106e1e54bd8be7e9ff0ab626c54cc5732a104d2c,53fa2c00df6f60c3196ca673a780792f9810603c78d580b19b38102228a207fc
pdllama8b-recipe-s43-rl160,Llama3.1-8B,40,/volume/posttrain/users/lsk/nvc-repo/sgd_rlvr_reproduce/checkpoints/paperD_rl160/pdllama8b-recipe-s43-rl160/masks/mask_rlstep040.safetensors,e7ab9cdd1b08154345119d31ae4459c33089c2e5815776b34d3c8b01d86cf5f7,868259840,38912,868220928,252,6945767424,2778306876,0.399999987,0.393000000,bool,uint8,bitpacked_lsb0,C,0,True,False,1.000,f9cd97d191b5cb2a78d1f532106e1e54bd8be7e9ff0ab626c54cc5732a104d2c,53fa2c00df6f60c3196ca673a780792f9810603c78d580b19b38102228a207fc
pdllama8b-recipe-s43-rl160,Llama3.1-8B,80,/volume/posttrain/users/lsk/nvc-repo/sgd_rlvr_reproduce/checkpoints/paperD_rl160/pdllama8b-recipe-s43-rl160/masks/mask_rlstep080.safetensors,477570b2fd87e1f1b197022cdaaae03a80063f21482b190a71f31ae46a958721,868259840,38912,868220928,252,6945767424,2778306876,0.399999987,0.393000000,bool,uint8,bitpacked_lsb0,C,0,True,False,1.000,f9cd97d191b5cb2a78d1f532106e1e54bd8be7e9ff0ab626c54cc5732a104d2c,53fa2c00df6f60c3196ca673a780792f9810603c78d580b19b38102228a207fc
pdllama8b-recipe-s43-rl160,Llama3.1-8B,120,/volume/posttrain/users/lsk/nvc-repo/sgd_rlvr_reproduce/checkpoints/paperD_rl160/pdllama8b-recipe-s43-rl160/masks/mask_rlstep120.safetensors,00372e8b48009c19dc028183d4d91cb6ca7ef88d48052f1de1e259b13b6bc230,868259840,38912,868220928,252,6945767424,2778306876,0.399999987,0.393000000,bool,uint8,bitpacked_lsb0,C,0,True,False,1.000,f9cd97d191b5cb2a78d1f532106e1e54bd8be7e9ff0ab626c54cc5732a104d2c,53fa2c00df6f60c3196ca673a780792f9810603c78d580b19b38102228a207fc
pdllama8b-recipe-s43-rl160,Llama3.1-8B,160,/volume/posttrain/users/lsk/nvc-repo/sgd_rlvr_reproduce/checkpoints/paperD_rl160/pdllama8b-recipe-s43-rl160/masks/mask_rlstep160.safetensors,84cd59af461c17dd910dc0cc7eecab68e24f77aa99fc084a5e6c451708842e0b,868259840,38912,868220928,252,6945767424,2778306876,0.399999987,0.393000000,bool,uint8,bitpacked_lsb0,C,0,True,False,1.000,f9cd97d191b5cb2a78d1f532106e1e54bd8be7e9ff0ab626c54cc5732a104d2c,53fa2c00df6f60c3196ca673a780792f9810603c78d580b19b38102228a207fc
pdllama8b-recipe-s44-rl160,Llama3.1-8B,40,/volume/posttrain/users/lsk/nvc-repo/sgd_rlvr_reproduce/checkpoints/paperD_rl160/pdllama8b-recipe-s44-rl160/masks/mask_rlstep040.safetensors,fa2dbca5a90925baba95e8d439ea082d5c0a3207990a55d21b94b322f89387ba,868259840,38912,868220928,252,6945767424,2778306876,0.399999987,0.393000000,bool,uint8,bitpacked_lsb0,C,0,True,False,1.000,f9cd97d191b5cb2a78d1f532106e1e54bd8be7e9ff0ab626c54cc5732a104d2c,53fa2c00df6f60c3196ca673a780792f9810603c78d580b19b38102228a207fc
pdllama8b-recipe-s44-rl160,Llama3.1-8B,80,/volume/posttrain/users/lsk/nvc-repo/sgd_rlvr_reproduce/checkpoints/paperD_rl160/pdllama8b-recipe-s44-rl160/masks/mask_rlstep080.safetensors,1d4b5adbef7b6442de4e6acf4fc44dc03821352a221da64db77cd6ec5cbef743,868259840,38912,868220928,252,6945767424,2778306876,0.399999987,0.393000000,bool,uint8,bitpacked_lsb0,C,0,True,False,1.000,f9cd97d191b5cb2a78d1f532106e1e54bd8be7e9ff0ab626c54cc5732a104d2c,53fa2c00df6f60c3196ca673a780792f9810603c78d580b19b38102228a207fc
pdllama8b-recipe-s44-rl160,Llama3.1-8B,120,/volume/posttrain/users/lsk/nvc-repo/sgd_rlvr_reproduce/checkpoints/paperD_rl160/pdllama8b-recipe-s44-rl160/masks/mask_rlstep120.safetensors,f555d55bfa8efffeaf37d5c232d76c12034962e6031c840f595cfc5ef7edb454,868259840,38912,868220928,252,6945767424,2778306876,0.399999987,0.393000000,bool,uint8,bitpacked_lsb0,C,0,True,False,1.000,f9cd97d191b5cb2a78d1f532106e1e54bd8be7e9ff0ab626c54cc5732a104d2c,53fa2c00df6f60c3196ca673a780792f9810603c78d580b19b38102228a207fc
pdllama8b-recipe-s44-rl160,Llama3.1-8B,160,/volume/posttrain/users/lsk/nvc-repo/sgd_rlvr_reproduce/checkpoints/paperD_rl160/pdllama8b-recipe-s44-rl160/masks/mask_rlstep160.safetensors,946b79b7314994e19a057193259f9b391a053dfaa97b4aa32d5651e615a66d32,868259840,38912,868220928,252,6945767424,2778306876,0.399999987,0.393000000,bool,uint8,bitpacked_lsb0,C,0,True,False,1.000,f9cd97d191b5cb2a78d1f532106e1e54bd8be7e9ff0ab626c54cc5732a104d2c,53fa2c00df6f60c3196ca673a780792f9810603c78d580b19b38102228a207fc
pd8b-ctrl-frozen-s42-rl160,Qwen3-8B,0,/volume/posttrain/users/lsk/nvc-repo/sgd_rlvr_reproduce/checkpoints/paperD_rl160/pd8b-ctrl-frozen-s42-rl160/masks/mask_static.safetensors,53e91918aac820aa03cc0ac854028d5e2189f0aa31112eb4cd9b28abf1b92796,868259840,38912,868220928,252,6945767424,2778306876,0.399999987,0.393000000,bool,uint8,bitpacked_lsb0,C,0,True,False,1.000,4dc6ef27123cbd489258a826d14458f53f077c8ce77f8a2961e1c4fa54a74f16,53fa2c00df6f60c3196ca673a780792f9810603c78d580b19b38102228a207fc
pd8b-ctrl-frozen-s43-rl160,Qwen3-8B,0,/volume/posttrain/users/lsk/nvc-repo/sgd_rlvr_reproduce/checkpoints/paperD_rl160/pd8b-ctrl-frozen-s43-rl160/masks/mask_static.safetensors,4a4a5ed18bad9ee17c79eb693c188cc3ce3d43ea597bcf9456460d8312979a22,868259840,38912,868220928,252,6945767424,2778306876,0.399999987,0.393000000,bool,uint8,bitpacked_lsb0,C,0,True,False,1.000,4dc6ef27123cbd489258a826d14458f53f077c8ce77f8a2961e1c4fa54a74f16,53fa2c00df6f60c3196ca673a780792f9810603c78d580b19b38102228a207fc
pd8b-ctrl-frozen-s44-rl160,Qwen3-8B,0,/volume/posttrain/users/lsk/nvc-repo/sgd_rlvr_reproduce/checkpoints/paperD_rl160/pd8b-ctrl-frozen-s44-rl160/masks/mask_static.safetensors,bc1d86bbf40e2be3a8cbf9daa69441eeacc6d602f3dc0d83c8e00c3d40f7bfe4,868259840,38912,868220928,252,6945767424,2778306876,0.399999987,0.393000000,bool,uint8,bitpacked_lsb0,C,0,True,False,1.000,4dc6ef27123cbd489258a826d14458f53f077c8ce77f8a2961e1c4fa54a74f16,53fa2c00df6f60c3196ca673a780792f9810603c78d580b19b38102228a207fc
pd8b-ctrl-oracle-s42-rl160,Qwen3-8B,0,/volume/posttrain/users/lsk/nvc-repo/sgd_rlvr_reproduce/checkpoints/paperD_rl160/pd8b-ctrl-oracle-s42-rl160/masks/mask_static.safetensors,4ca8fddd6268e19bb74bab06e668d9bea058e1ea1426daa5f708d86fb0d863f8,868259840,38912,868220928,252,6945767424,2778306876,0.399999987,0.393000000,bool,uint8,bitpacked_lsb0,C,0,True,False,1.000,4dc6ef27123cbd489258a826d14458f53f077c8ce77f8a2961e1c4fa54a74f16,53fa2c00df6f60c3196ca673a780792f9810603c78d580b19b38102228a207fc
pd8b-ctrl-oracle-s43-rl160,Qwen3-8B,0,/volume/posttrain/users/lsk/nvc-repo/sgd_rlvr_reproduce/checkpoints/paperD_rl160/pd8b-ctrl-oracle-s43-rl160/masks/mask_static.safetensors,c767dccb09b52ad84dcedf4ee2725f017bff256b79c41ffaab7a25d9827daa2c,868259840,38912,868220928,252,6945767424,2778306876,0.399999987,0.393000000,bool,uint8,bitpacked_lsb0,C,0,True,False,1.000,4dc6ef27123cbd489258a826d14458f53f077c8ce77f8a2961e1c4fa54a74f16,53fa2c00df6f60c3196ca673a780792f9810603c78d580b19b38102228a207fc
pd8b-ctrl-oracle-s44-rl160,Qwen3-8B,0,/volume/posttrain/users/lsk/nvc-repo/sgd_rlvr_reproduce/checkpoints/paperD_rl160/pd8b-ctrl-oracle-s44-rl160/masks/mask_static.safetensors,6333ccea5e2d9063c89c59690e570abd0ca4ef80638177fdef8798db99cb6ca6,868259840,38912,868220928,252,6945767424,2778306876,0.399999987,0.393000000,bool,uint8,bitpacked_lsb0,C,0,True,False,1.000,4dc6ef27123cbd489258a826d14458f53f077c8ce77f8a2961e1c4fa54a74f16,53fa2c00df6f60c3196ca673a780792f9810603c78d580b19b38102228a207fc
pd8b-ctrl-staticmag-s42-rl160,Qwen3-8B,0,/volume/posttrain/users/lsk/nvc-repo/sgd_rlvr_reproduce/checkpoints/paperD_rl160/pd8b-ctrl-staticmag-s42-rl160/masks/mask_static.safetensors,02ba8295d49f8d2a73b4f971b1bcca654e36c8f4b384796bec9c7c7363d9c500,868259840,38912,868220928,252,6945767424,2778306876,0.399999987,0.393000000,bool,uint8,bitpacked_lsb0,C,0,True,False,1.000,4dc6ef27123cbd489258a826d14458f53f077c8ce77f8a2961e1c4fa54a74f16,53fa2c00df6f60c3196ca673a780792f9810603c78d580b19b38102228a207fc
pd8b-ctrl-staticmag-s43-rl160,Qwen3-8B,0,/volume/posttrain/users/lsk/nvc-repo/sgd_rlvr_reproduce/checkpoints/paperD_rl160/pd8b-ctrl-staticmag-s43-rl160/masks/mask_static.safetensors,e54038443477ddfbcb736d738c1c505d24e67c8df8a2d692f36feed943b52daa,868259840,38912,868220928,252,6945767424,2778306876,0.399999987,0.393000000,bool,uint8,bitpacked_lsb0,C,0,True,False,1.000,4dc6ef27123cbd489258a826d14458f53f077c8ce77f8a2961e1c4fa54a74f16,53fa2c00df6f60c3196ca673a780792f9810603c78d580b19b38102228a207fc
pd8b-ctrl-staticmag-s44-rl160,Qwen3-8B,0,/volume/posttrain/users/lsk/nvc-repo/sgd_rlvr_reproduce/checkpoints/paperD_rl160/pd8b-ctrl-staticmag-s44-rl160/masks/mask_static.safetensors,6bd2a5a0fd7a12c31f31df23becf8f7501671b0deee82f346db3617703b7892d,868259840,38912,868220928,252,6945767424,2778306876,0.399999987,0.393000000,bool,uint8,bitpacked_lsb0,C,0,True,False,1.000,4dc6ef27123cbd489258a826d14458f53f077c8ce77f8a2961e1c4fa54a74f16,53fa2c00df6f60c3196ca673a780792f9810603c78d580b19b38102228a207fc
pd8b-ctrl-random040-s42-rl160,Qwen3-8B,0,/volume/posttrain/users/lsk/nvc-repo/sgd_rlvr_reproduce/checkpoints/paperD_rl160/pd8b-ctrl-random040-s42-rl160/masks/mask_static.safetensors,2d45a6ced7cb27f61e7f6d00b015a1a82e49d365a0c3ebe8d47b8b1c88e848a8,868259840,38912,868220928,252,6945767424,2778306876,0.399999987,0.393000000,bool,uint8,bitpacked_lsb0,C,0,True,False,1.000,4dc6ef27123cbd489258a826d14458f53f077c8ce77f8a2961e1c4fa54a74f16,53fa2c00df6f60c3196ca673a780792f9810603c78d580b19b38102228a207fc
pd8b-ctrl-random040-s43-rl160,Qwen3-8B,0,/volume/posttrain/users/lsk/nvc-repo/sgd_rlvr_reproduce/checkpoints/paperD_rl160/pd8b-ctrl-random040-s43-rl160/masks/mask_static.safetensors,b7b8b7141b149d11955b44544f5a68b5c9988812d8917818a93fafcdb402f64f,868259840,38912,868220928,252,6945767424,2778306876,0.399999987,0.393000000,bool,uint8,bitpacked_lsb0,C,0,True,False,1.000,4dc6ef27123cbd489258a826d14458f53f077c8ce77f8a2961e1c4fa54a74f16,53fa2c00df6f60c3196ca673a780792f9810603c78d580b19b38102228a207fc
pd8b-ctrl-random040-s44-rl160,Qwen3-8B,0,/volume/posttrain/users/lsk/nvc-repo/sgd_rlvr_reproduce/checkpoints/paperD_rl160/pd8b-ctrl-random040-s44-rl160/masks/mask_static.safetensors,7aedbee022c1f994a237d249571dfa161349b92ea14cf8eb7a0c20951ed87caa,868259840,38912,868220928,252,6945767424,2778306876,0.399999987,0.393000000,bool,uint8,bitpacked_lsb0,C,0,True,False,1.000,4dc6ef27123cbd489258a826d14458f53f077c8ce77f8a2961e1c4fa54a74f16,53fa2c00df6f60c3196ca673a780792f9810603c78d580b19b38102228a207fc
pd8b-ctrl-complement-s42-rl160,Qwen3-8B,0,/volume/posttrain/users/lsk/nvc-repo/sgd_rlvr_reproduce/checkpoints/paperD_rl160/pd8b-ctrl-complement-s42-rl160/masks/mask_static.safetensors,80fbcdbccd5dbe440c2977b98f3228556f59f3fb0f2de9d01bd814fb9f2536ec,868259840,38912,868220928,252,6945767424,2778306876,0.399999987,0.393000000,bool,uint8,bitpacked_lsb0,C,0,True,False,1.000,4dc6ef27123cbd489258a826d14458f53f077c8ce77f8a2961e1c4fa54a74f16,53fa2c00df6f60c3196ca673a780792f9810603c78d580b19b38102228a207fc
pd8b-ctrl-complement-s43-rl160,Qwen3-8B,0,/volume/posttrain/users/lsk/nvc-repo/sgd_rlvr_reproduce/checkpoints/paperD_rl160/pd8b-ctrl-complement-s43-rl160/masks/mask_static.safetensors,adac39086664e8382a89ed8b8097a89b24214d58345730082f7b08355d97d817,868259840,38912,868220928,252,6945767424,2778306876,0.399999987,0.393000000,bool,uint8,bitpacked_lsb0,C,0,True,False,1.000,4dc6ef27123cbd489258a826d14458f53f077c8ce77f8a2961e1c4fa54a74f16,53fa2c00df6f60c3196ca673a780792f9810603c78d580b19b38102228a207fc
pd8b-ctrl-complement-s44-rl160,Qwen3-8B,0,/volume/posttrain/users/lsk/nvc-repo/sgd_rlvr_reproduce/checkpoints/paperD_rl160/pd8b-ctrl-complement-s44-rl160/masks/mask_static.safetensors,cc53fd9d6014b2c10819859a9efa811bf1a459931ca4580155e13f0903204d89,868259840,38912,868220928,252,6945767424,2778306876,0.399999987,0.393000000,bool,uint8,bitpacked_lsb0,C,0,True,False,1.000,4dc6ef27123cbd489258a826d14458f53f077c8ce77f8a2961e1c4fa54a74f16,53fa2c00df6f60c3196ca673a780792f9810603c78d580b19b38102228a207fc
